Date,Close,High,Low,Open,Volume
,SPY,SPY,SPY,SPY,SPY
2020-01-02,299.4064636230469,299.4249140098017,297.24987779194856,298.18072230420165,59151200
2020-01-03,297.1393127441406,298.27291472607016,295.9319935858152,295.98728849951004,77709700
2020-01-06,298.27288818359375,298.3558305467553,295.24994983411784,295.3697648449921,55653900
2020-01-07,297.4342041015625,298.18071347770706,296.98259152328075,297.7014534457011,40496400
2020-01-08,299.0194396972656,300.2451811818737,297.3789582128404,297.6277853373747,68296000
2020-01-09,301.04693603515625,301.1206813288284,300.00550173534947,300.5953515823719,48473300
2020-01-10,300.18060302734375,301.7934367416276,299.710596327438,301.63677721685497,53029300
2020-01-13,302.2449951171875,302.25419218279177,300.3741094690749,300.80727157112966,47086800
2020-01-14,301.78424072265625,302.86251951647944,301.22203834356156,301.8026629828147,62832800
2020-01-15,302.4661865234375,303.2311180311353,301.60908747701393,301.69202982419193,72056600
2020-01-16,304.9822998046875,304.9822998046875,303.62751818129186,303.85792302795375,54050300
2020-01-17,305.93157958984375,306.14353405736045,304.91779259652645,305.7011747334349,95846000
2020-01-21,305.3324890136719,306.14351856728973,304.8901297121286,304.9638468871887,77742400
2020-01-22,305.3692626953125,306.85308403991667,305.21260320198564,306.19871424247634,48914900
2020-01-23,305.71954345703125,306.1342833761721,303.5906052066956,304.71498183408573,51963000
2020-01-24,303.00079345703125,306.4660913262452,301.70130675607606,306.3831489571108,87578400
2020-01-27,298.1438903808594,299.63690938128065,297.3697334223296,297.710728116797,84062500
2020-01-28,301.2681884765625,302.15293525273864,298.23605268169274,299.58160917210955,63834000
2020-01-29,301.0192565917969,302.8717201716019,300.81649924412875,302.641315373142,53888900
2020-01-30,301.9961853027344,302.20816785278754,298.1806962808872,298.93640268096397,75491800
2020-01-31,296.5126037597656,301.5262152765022,295.59098440927124,301.3695276116583,113845600
2020-02-03,298.7152404785156,300.59535170971026,297.88578874067906,298.00560374875556,69083000
2020-02-04,303.2680358886719,304.1435854487345,302.03306943724914,302.3556418080927,62573200
2020-02-05,306.7701416015625,306.98212413461243,304.7518215068036,306.22638966956634,65951100
2020-02-06,307.8023681640625,307.9959003068287,306.71483621168045,307.7378480746125,50359700
2020-02-07,306.16192626953125,307.81160447752046,305.60894909410797,306.7333257047532,64139400
2020-02-10,308.4474792480469,308.5119993363603,305.23103753073127,305.26791017056513,42070000
2020-02-11,308.98211669921875,310.60414765301005,308.44756171824463,309.8115685009607,54864500
2020-02-12,310.9728088378906,311.18476328486764,310.0603865695281,310.42902867893986,43992700
2020-02-13,310.6409606933594,311.61787478081925,309.25853191386875,309.53500641953264,54501900
2020-02-14,311.138671875,311.25848688046284,309.84841051922353,311.0557295155845,64582200
2020-02-18,310.3368835449219,311.20320795519984,308.9360041790649,310.1341261696315,57226200
2020-02-19,311.8206787109375,312.5026680105172,311.02809959257075,311.3137993329671,48814700
2020-02-20,310.53955078125,312.09708922897397,307.5258384812298,311.2676095818167,74163400
2020-02-21,307.3416442871094,309.48900509044205,306.51216433567726,309.1756578729287,113788200
2020-02-24,297.14849853515625,307.41532261657227,296.06096641698645,297.81206553709535,161088400
2020-02-25,288.144287109375,299.16684677332535,287.2595403994609,298.5493775528194,218913200
2020-02-26,287.0843811035156,293.17627052167495,286.34709699297053,289.55431381198633,194773800
2020-02-27,274.1910095214844,287.1397514470199,274.1910095214844,281.51786721889664,284353500
2020-02-28,273.0389099121094,274.54115369015636,263.1591510817737,266.07147109385767,384975800
2020-03-02,284.8633728027344,284.9278929189922,271.3800747846304,274.8361479693558,238703600
2020-03-03,276.7069091796875,289.24093454649835,274.24620193660775,285.24111103340994,300139100
2020-03-04,288.33782958984375,288.5590373694098,279.5547979057869,282.1261238856047,176613400
2020-03-05,278.7528991699219,284.29183884305985,276.4949492983941,281.07539725279673,186366800
2020-03-06,274.1448669433594,275.36141115991785,267.481577457224,270.1726900416959,228667200
2020-03-09,252.7356719970703,261.9149923946826,252.01681006458722,253.721783277433,309417300
2020-03-10,265.8134460449219,265.90558547277425,252.0628739638472,262.3297262793299,276444100
2020-03-11,252.85546875,259.8413591010637,249.64825144555564,258.69856011907456,255316300
2020-03-12,228.66297912597656,245.75902100327414,228.2666754899894,235.9345552869573,392220700
2020-03-13,248.21044921875,250.2011497411991,229.04077017216878,242.4687524138309,329566100
2020-03-16,221.05039978027344,236.7639979540334,218.75556260823916,222.2761411020178,297240000
2020-03-17,232.9853973388672,236.09126441562609,218.48832747938212,225.83362148138244,262070500
2020-03-18,221.18865966796875,228.90260967379436,210.14766301045893,217.73258686065674,327597100
2020-03-19,221.65863037109375,227.99016388468704,214.01841333413591,220.49739523309862,289322000
2020-03-20,212.1064453125,226.63313921694242,211.82833088923726,224.83468197806218,347158800
2020-03-23,206.68325805664062,212.92222402531007,202.33544465385114,211.5409455309009,326025200
2020-03-24,225.40945434570312,226.2901524274799,216.74165098419292,217.31641045188894,235494500
2020-03-25,228.78384399414062,237.64634466473402,222.2574986417705,227.0039316253124,299430300
2020-03-26,242.1425018310547,243.62574100847263,230.87897397257882,231.31468326096316,257632800
2020-03-27,234.9301300048828,241.78094497564413,232.733052958814,234.7910798673419,224341200
2020-03-30,242.5596466064453,243.2827355904816,235.0320976211001,237.04376970699454,171369500
2020-03-31,238.94418334960938,244.1170459475213,237.5258155170391,241.54915938007525,194881100
2020-04-01,228.19056701660156,238.86079135099305,226.10472997204218,229.88704951030172,189554600
2020-04-02,233.4561309814453,234.24410529958328,226.7443664639975,227.30059527896603,177660400
2020-04-03,230.0817108154297,234.8374233272891,227.3284050607202,232.4641926453968,135561200
2020-04-06,245.53541564941406,247.51929171699928,230.06315420294516,239.02761524295272,188061200
2020-04-07,245.7857208251953,254.96339627195567,245.56324063939763,254.203217915854,201427200
2020-04-08,254.03631591796875,255.86258258472296,245.89692040071654,248.40918638795864,153774500
2020-04-09,257.90216064453125,260.68327656108204,255.37133497571938,257.32737292402584,189999200
2020-04-13,255.5475311279297,257.26255864749874,251.6076160409918,256.91955880178097,114839100
2020-04-14,263.0841979980469,264.1131968958681,255.40832227062037,260.4792227282354,134143400
2020-04-15,257.49432373046875,263.2234171159863,255.362117370231,257.31818408315837,121775000
2020-04-16,258.7365417480469,259.59868106556956,255.6402354670773,258.78288237291076,131798300
2020-04-17,265.7263488769531,266.3381694361595,261.7956861083202,264.5582712274334,146684800
2020-04-20,261.0447998046875,265.8654119117226,260.8223195905384,261.99036900579455,100109300
2020-04-21,253.11866760253906,257.7538613412049,252.1730699736257,256.53944284495265,126385700
2020-04-22,258.7365417480469,260.4979098575712,256.70632445776465,258.04126262920994,92951600
2020-04-23,258.7179260253906,263.22334843692914,258.4120157283415,260.0250538765477,104709700
2020-04-24,262.3241271972656,263.0008755946464,258.1802633115773,260.24756968011553,85063200
2020-04-27,266.1064453125,267.23743364876276,263.85374808000984,264.3172674261671,77896600
2020-04-28,264.8827819824219,270.13907564877684,264.57684336380146,269.78679641083886,105270000
2020-04-29,271.81695556640625,273.36512233735795,269.2212590359745,270.2595376481472,118745600
2020-04-30,269.2862243652344,271.91901100155013,267.53410756055456,270.426463913381,122901700
2020-05-01,262.1572265625,269.45301506506496,260.9798695557732,264.49335340867617,125180000
2020-05-04,262.8802795410156,263.18618975761615,258.7642268809571,260.25674508931536,80873200
2020-05-05,265.3091735839844,268.14590937668817,263.01010771987677,265.72635226154705,79569900
2020-05-06,263.51080322265625,267.413629009422,263.0750938148001,267.0242885204332,73632600
2020-05-07,266.6904602050781,268.63724694186465,266.1806002865981,266.75535969753145,75250400
2020-05-08,271.1031188964844,271.5759175456921,268.71134392034025,269.8516113662664,76452400
2020-05-11,271.15875244140625,272.549310146234,268.7299161768622,269.15634595153807,79514200
2020-05-12,265.754150390625,272.7718106288579,265.6150719770152,272.3546602609416,95870800
2020-05-13,261.0540771484375,266.23621956186753,258.6066816485494,265.18866141036875,144721100
2020-05-14,264.17822265625,264.30799336450735,253.07228871157702,258.59745979970535,121977900
2020-05-15,265.3926696777344,265.439010301892,260.81309568818,261.7679445318575,111146300
2020-05-18,273.4763488769531,275.09866620079947,271.34417171057123,271.66861254256537,119703800
2020-05-19,270.66748046875,274.5981153598424,270.64894988017926,272.8738370205905,95189300
2020-05-20,275.2656555175781,276.1370743523347,274.00489618532396,274.2366559117809,85861700
2020-05-21,273.3652038574219,275.9516500118487,272.26202543026767,275.1358513472998,78293900
2020-05-22,273.88427734375,274.0604169353018,271.82625058701416,273.07775831452426,63958200
2020-05-26,277.2587585449219,280.1418639937867,273.90288253451695,279.9008248468583,88951400
2020-05-27,281.3840026855469,281.42109214806135,275.20992270702266,280.0768749688756,104817400
2020-05-28,280.8648986816406,284.45253370196565,280.18815028778835,282.42231681138304,90405200
2020-05-29,282.11639404296875,282.70968403671674,277.6202511667875,280.3920875325999,119090800
2020-06-01,283.2567138671875,283.8685629129681,280.94839614659134,281.4675356476814,55758300
2020-06-02,285.60205078125,285.648419687675,282.8394937497713,284.1836827985654,74267200
2020-06-03,289.40289306640625,290.36702109759227,287.3263357293642,287.60443598308524,92567600
2020-06-04,288.6427307128906,290.1630876270896,286.529083794083,288.4109710582364,75794400
2020-06-05,296.04052734375,297.8297051982625,294.0195898202807,294.08448931742265,150524700
2020-06-08,299.618896484375,299.81356667517116,296.30936178597165,296.8563111826671,73641200
2020-06-09,297.384765625,299.6930830368076,296.05907872432476,296.9304974040789,77479200
2020-06-10,295.7253112792969,298.86798569042713,295.0022223081212,297.9687571232368,95000800
2020-06-11,278.67706298828125,289.3750964697622,278.1208624550282,288.73543756554795,209243600
2020-06-12,282.0144348144531,286.52910875383816,276.81376129064523,285.75039964128285,194678900
2020-06-15,284.6471862792969,285.7874539238831,275.08942072882604,276.2760289862849,135782700
2020-06-16,290.1259765625,292.61046137657615,285.22196300459586,292.462131813723,137627500
2020-06-17,288.9208984375,291.45172439413864,288.1792504674889,291.1550652061342,83398900
2020-06-18,289.0321350097656,289.5141849661183,286.92776727085004,287.39128663729656,80828700
2020-06-19,287.3802795410156,292.72488788674923,285.4156057413454,292.52936105873795,135549600
2020-06-22,289.223876953125,289.62425088495763,285.6204547356971,286.7750319960394,74649400
2020-06-23,290.555419921875,292.83667085433774,290.1457256448983,291.8962323891676,68471200
2020-06-24,283.1437072753906,289.1214981418375,281.2907912992377,288.49763649516166,132813500
2020-06-25,286.1791687011719,286.449200920641,280.527274718551,282.5664257375495,89468000
2020-06-26,279.38201904296875,285.28533374295023,278.7954384155237,285.0711663162655,127961000
2020-06-29,283.48822021484375,283.6278822523884,278.33913805058035,280.6483212613772,79773300
2020-06-30,287.1195983886719,288.8328809054168,282.8923421627443,283.05061634621643,113394800
2020-07-01,289.13079833984375,290.4064540771251,287.78069406867786,288.2462531446946,72396500
2020-07-02,290.7230224609375,293.95400349200224,290.0526162741743,292.5945505700709,69344200
2020-07-06,295.2110290527344,295.7976380952327,293.8236719566805,294.5778754640429,61713800
2020-07-07,292.16632080078125,295.6486944092303,291.7845588594868,293.65611587485085,82910000
2020-07-08,294.4009094238281,294.51263904760174,291.1606366725168,292.9390472100288,54638600
2020-07-09,292.7249450683594,295.2575877159507,289.27979635268576,295.0154878903331,83354200
2020-07-10,295.7138671875,295.98389945969103,291.2165781537838,292.6598001999359,57550400
2020-07-13,293.1531677246094,300.48106133856015,292.492081946009,298.0787895651387,102997500
2020-07-14,296.9521484375,297.73428410385503,290.5087997354352,291.7192417014803,93657000
2020-07-15,299.680419921875,300.7884529328608,297.27811888031056,300.20184387816545,87196500
2020-07-16,298.6933898925781,299.14962867876596,297.11047772121657,297.7622717718878,54622500
2020-07-17,299.5592956542969,300.3507516679263,297.7156717135978,299.70827794990095,62774900
2020-07-20,301.980224609375,302.7344279861425,298.53507632341143,299.28927970017895,56308800
2020-07-21,302.6226501464844,304.410380674927,301.6263471330334,303.96346225054856,57292200
2020-07-22,304.34521484375,304.66181996832336,302.14779001037107,302.25951962353054,57792900
2020-07-23,300.7138977050781,304.6897902319938,299.3358610842569,303.9821313734296,75738000
2020-07-24,298.777099609375,299.81062678122186,297.2593729706781,298.8422846784451,73766600
2020-07-27,300.9560241699219,301.13293890023635,298.6747732256388,299.4755496495052,48293000
2020-07-28,299.0472106933594,301.34707352170113,298.749246083626,300.2204001690472,57495000
2020-07-29,302.7251281738281,303.2931250209833,299.8945210434383,299.9317737257446,48454200
2020-07-30,301.6449890136719,302.06400349331875,297.622580720211,299.7268881452924,61861700
2020-07-31,304.0285949707031,304.1310327118667,299.1960909793803,303.4513064410281,84986800
2020-08-03,306.1423645019531,306.9151801141512,305.1553814716891,305.70473780623433,53077900
2020-08-04,307.3248291015625,307.3248291015625,305.2763579734392,305.2763579734392,41917900
2020-08-05,309.233642578125,309.49438294523435,308.3677094975572,308.63774172386934,42697700
2020-08-06,311.3006896972656,311.42173959200727,308.32112894305834,308.6470259484085,43679400
2020-08-07,311.52423095703125,311.8128753331719,309.4105744030987,310.32308049199463,57308300
2020-08-10,312.4552917480469,312.6414983092965,310.0250588545826,311.98041244824475,44282100
2020-08-11,309.8761291503906,314.2896487915677,309.1405662230884,313.64717495295594,69601100
2020-08-12,314.1965026855469,314.9786385014679,312.3063340265369,312.33426643369586,53774400
2020-08-13,313.6284484863281,314.9506484861032,312.69733053071513,313.42360139947465,41816100
2020-08-14,313.63775634765625,314.1778206532009,312.50179135014184,313.2373824622977,47260400
2020-08-17,314.6340637207031,315.03443761163555,313.6470809863066,314.66199612203644,35481000
2020-08-18,315.3138427734375,315.7421491373331,313.4236457770641,315.0344902979212,38733900
2020-08-19,314.0009765625,316.217013838339,313.43297972832573,315.69558995985096,68054200
2020-08-20,314.9786071777344,315.4627783254969,312.12938826898665,312.2597300176096,42207800
2020-08-21,316.09600830078125,316.319467569846,314.2989286271465,314.6434662209169,55106600
2020-08-24,319.2990417480469,319.3735186956646,316.0680606992591,318.5541301945182,48588700
2020-08-25,320.4163818359375,320.50017906183126,318.6938075290856,319.86702552254167,38463400
2020-08-26,323.62872314453125,323.8987269329815,320.4629273041784,321.0122835704496,50790200
2020-08-27,324.3363037109375,325.7981657152601,322.6603027635566,324.50392653804744,58034100
2020-08-28,326.4313659667969,326.5617361382139,324.1687558383631,325.36990612519185,48588900
2020-08-31,325.2488708496094,327.1017868304171,325.01609131773023,326.21724165855835,66099200
2020-09-01,328.3122253417969,328.414634686384,325.1836539632205,326.0868395952134,54908700
2020-09-02,333.0609436035156,334.0386062067138,329.08505127544817,330.23965699990765,69540000
2020-09-03,321.598876953125,331.83185523044534,318.9917293636481,331.3569759319599,148011100
2020-09-04,318.9731140136719,323.8707755851033,311.803493734289,322.28789196523667,139156300
2020-09-08,310.25787353515625,319.03833936267426,309.9506170457599,313.51678708883173,114465300
2020-09-09,316.3846435546875,318.8707130978866,313.4236662474527,314.2989195800577,91462300
2020-09-10,310.8910827636719,318.93592958046594,309.9227118378307,318.274843586461,90569500
2020-09-11,311.04931640625,313.75887354105794,308.200097236755,312.68809338783086,84680200
2020-09-14,315.1462097167969,316.93396888961524,311.19827824680254,314.24302406459896,65605700
2020-09-15,316.7384948730469,318.4610408339248,315.1555825454873,317.62304012570553,52920900
2020-09-16,315.4814453125,319.4293770117385,315.2020928298086,317.9861553053102,82096000
2020-09-17,312.70672607421875,314.43862066458155,310.05303357886373,310.5837777610291,91523300
2020-09-18,309.10662841796875,313.6312767687232,306.60124957179545,313.5190998844494,105877900
2020-09-21,305.6664123535156,305.8159910462942,300.76783141419656,304.47916892418516,99450800
2020-09-22,308.7794189453125,309.3403318815955,304.6287031577221,307.1621546895772,63612100
2020-09-23,301.6184997558594,309.62077320092527,301.1136753082404,309.34030249481947,93112200
2020-09-24,302.4224548339844,305.50743291519547,298.96351580905053,300.29100868915145,76681300
2020-09-25,307.3116760253906,308.10627163018916,300.6836269127659,301.5623551629239,71069400
2020-09-28,312.41595458984375,313.1357752037838,310.5088621805041,311.5091535033199,64584600
2020-09-29,310.7145690917969,312.9581924041424,310.0134350236128,312.2103274764333,51304000
2020-09-30,313.07037353515625,316.2488420251978,311.19132524882815,311.38763478451114,104081100
2020-10-01,315.0802307128906,316.66945041779456,313.182496119039,315.6878743803307,88698700
2020-10-02,312.0887756347656,315.0522480175237,309.611441104255,310.08822137343094,89431100
2020-10-05,317.623046875,317.80999881665764,314.11737701525726,314.1641078683681,45713100
2020-10-06,313.10772705078125,319.87602637009286,312.5935735514593,317.7632668791493,90128900
2020-10-07,318.55792236328125,319.3712332831514,316.06187263371896,316.0899168540863,56999600
2020-10-08,321.38116455078125,321.4466105786607,319.5862487512889,320.5117651377044,45242500
2020-10-09,324.2511291503906,324.7185518452797,322.41884017460626,323.045170609396,59528600
2020-10-12,329.46759033203125,330.9539912427605,326.31716558452143,326.8126325547645,80388500
2020-10-13,327.31744384765625,329.5049787896775,326.34519658590705,329.3273558708228,73255500
2020-10-14,325.2607421875,329.00012366118165,324.5222348874838,327.8970129734575,57727900
2020-10-15,324.8587646484375,325.34487396818486,320.77349496415195,321.31569272351567,60357700
2020-10-16,324.66241455078125,327.89697112451415,324.4847916711137,326.22359014043184,89501900
2020-10-19,319.7264404296875,326.5694861347501,318.8196393751792,325.93379819715204,68425600
2020-10-20,321.0072021484375,324.2791608866959,320.31542571598345,321.0819772238855,60051900
2020-10-21,320.3995361328125,323.14798356449506,320.0910212111179,320.960420482777,63575000
2020-10-22,322.1570129394531,322.7459700208247,318.4550336798207,320.6145239587074,55399300
2020-10-23,323.2508544921875,323.4471640460359,320.773519786705,323.3910756020792,49143900
2020-10-26,317.2771911621094,320.6332826945844,313.75280577693434,319.8386584058485,91473000
2020-10-27,316.1834411621094,317.9596418782386,315.9684164299828,317.6231111975746,65994100
2020-10-28,305.3765869140625,316.2114411488421,304.881120017363,310.46214792470636,127094300
2020-10-29,308.48028564453125,311.67744083545017,303.90887808851886,305.61030350993144,90597700
2020-10-30,305.2644348144531,308.20919221420985,301.5811415365393,306.89105673391106,120287300
2020-11-02,308.6859436035156,310.7051844382489,305.9187808477988,308.6859436035156,86068300
2020-11-03,314.1360778808594,316.2114356730083,308.7700747684846,311.94854321279144,93294200
2020-11-04,321.1567687988281,325.27008249557827,317.464118377996,318.6513616623179,126959700
2020-11-05,327.4201965332031,329.24315621191107,326.1301055026361,326.48535126806337,82039700
2020-11-06,327.34552001953125,328.60756721328016,324.9990485682245,327.1304952732943,74973000
2020-11-09,331.4588317871094,340.6390218205,330.99140901794556,340.25573172627907,172304200
2020-11-10,330.9726257324219,332.03833449972905,327.6726230869076,330.45844371895174,85552000
2020-11-11,333.4312438964844,334.26324127397265,331.9261283170122,333.1788174384377,58649000
2020-11-12,330.1967468261719,333.47806341963206,328.37381535253064,332.41232593384484,67546200
2020-11-13,334.76806640625,335.51593114245816,331.598927535534,332.12243855672193,62892200
2020-11-16,338.9468688964844,339.1431784222475,336.16101961858254,337.46046828584866,74541100
2020-11-17,337.1239013671875,338.3392173525308,334.99245526326524,336.51625763912284,66111000
2020-11-18,333.06671142578125,337.9466054590558,333.0293096223353,337.39505010740044,70591300
2020-11-19,334.4689636230469,334.842896052107,331.07547048412533,332.4310076348359,59940900
2020-11-20,332.1785583496094,334.4128522464206,332.10378328061273,334.20718514516267,70417300
2020-11-23,334.1698303222656,335.44123490764684,331.74858414798723,334.00156499645885,63230600
2020-11-24,339.5545349121094,340.10609025443364,335.8805994714725,336.7406412316601,62415900
2020-11-25,339.03106689453125,339.4984896368671,337.92795606963153,339.4704454134957,45330900
2020-11-27,339.97528076171875,340.45203257417427,338.9562740453472,340.1341885227969,28514100
2020-11-30,338.4701232910156,339.46105713282276,335.7684349198148,339.1899439786023,83872700
2020-12-01,342.1720275878906,343.7238740332116,341.1530497500833,341.7513643681782,74231400
2020-12-02,342.8919677734375,343.05087552226786,340.47072150135824,341.05032111091606,45927000
2020-12-03,342.7984619140625,344.2007300136769,341.68599360603105,342.7891043307155,62882000
2020-12-04,345.75250244140625,345.75250244140625,343.29385500417726,343.3873452298885,50749900
2020-12-07,345.0420837402344,345.53755065887975,343.7613501125595,344.9766377155109,48944300
2020-12-08,346.05169677734375,346.6219387155356,343.7145835305619,343.7613143838118,42458900
2020-12-09,342.9480285644531,346.87436198803306,342.10667344005856,346.71545425201606,74098300
2020-12-10,342.8358459472656,343.8921972296762,340.6856845217805,341.56444143432566,57735400
2020-12-11,342.433837890625,342.84517212407616,339.5919285876008,341.12506011565125,57698600
2020-12-14,340.9006652832031,345.7057549342707,340.7230424070161,344.6213595722618,69216200
2020-12-15,345.5094299316406,345.5094299316406,342.07856406483916,343.4621166856744,63865300
2020-12-16,346.05169677734375,346.9771844937207,344.8363807714885,345.7244952169514,58420500
2020-12-17,347.9867858886719,348.19245298434276,346.8743177615265,347.7063437260356,64119500
2020-12-18,346.5973815917969,348.44687852655625,344.56950459854585,348.27789593982584,136542300
2020-12-21,345.358154296875,355.3097627599351,339.88478540014927,342.6449492049241,96386700
2020-12-22,344.7760009765625,345.79932247871477,343.6400244320925,345.68666743639704,47949000
2020-12-23,345.0859069824219,347.0104978977397,344.7573106027544,345.7524685634632,46201400
2020-12-24,346.4283752441406,346.456539006664,344.9731997623888,345.5646387753796,26457900
2020-12-28,349.40447998046875,349.79877265593797,348.3717609361956,349.00076118305293,39000400
2020-12-29,348.7378234863281,351.1224599800805,348.14635593485065,350.9440799677041,53680500
2020-12-30,349.2354431152344,350.27755955412033,348.84115046871227,349.56403942121915,49455300
2020-12-31,351.0098876953125,351.7421742052832,348.5219930557214,349.0383382759058,78520700
2021-01-04,346.2311706542969,352.4837827399444,342.5040139030434,352.3523327697336,110210800
2021-01-05,348.61578369140625,349.7142275628648,345.5364219746037,345.58338067215243,66426200
2021-01-06,350.7000732421875,353.92028318581686,346.5410615794167,347.09496805959986,107997700
2021-01-07,355.91058349609375,356.6616362990513,352.9157124541639,353.0940925087612,68766800
2021-01-08,357.9384765625,358.15438921138787,354.032938779439,357.3094476073072,71677200
2021-01-11,355.52569580078125,357.30007040492774,354.6150291428426,354.73708168217934,51034700
2021-01-12,355.60064697265625,356.6239682868952,353.33806311883984,355.7133306451064,52547700
2021-01-13,356.5583801269531,357.5629068084497,354.7370469892007,355.5256610306768,45303600
2021-01-14,355.3096923828125,357.81638178482524,354.9717272414135,357.3094054219009,49989100
2021-01-15,352.71856689453125,354.48354385050357,350.8409062321187,353.6761635180636,107160000
2021-01-19,355.48809814453125,356.03263577950673,353.7043262506062,355.19706303477216,51233300
2021-01-20,360.4076232910156,361.252564937923,357.4033544899775,357.79764722147996,61836100
2021-01-21,360.7361145019531,361.40270458663116,359.80668175257824,360.9708220569124,47840100
2021-01-22,359.4593505859375,360.63288846334626,358.48295904970183,358.86788291159115,52860500
2021-01-25,360.876953125,361.23368453311633,355.30966828296954,360.20099423722485,70402000
2021-01-26,360.3136901855469,362.24767831859975,360.0789826096829,361.834590693013,42665300
2021-01-27,351.5074768066406,357.055967645205,349.2542896838257,356.9620788794984,123351100
2021-01-28,354.5304260253906,358.5673841177919,352.8968707699908,353.33809342561653,94198100
2021-01-29,347.43292236328125,353.62920783029284,345.74301069910035,352.6528163343767,126765100
2021-02-01,353.2161560058594,354.2582439511402,347.72399267981973,350.8596826383389,75817600
2021-02-02,358.210693359375,359.77855258361063,353.3006291740671,356.42692150034526,64450700
2021-02-03,358.49237060546875,360.22921246243635,357.20617762542906,359.04627706726836,52427100
2021-02-04,362.5668640136719,362.61379406680913,358.6049991309673,359.5344319293629,47142600
2021-02-05,363.9939270019531,364.70744727547367,362.51998504599163,364.4539733813267,48669800
2021-02-08,366.6225280761719,366.6694581178427,364.5946517517427,365.45835934405454,38365200
2021-02-09,366.3785400390625,366.9794052088207,365.3646158786308,365.7776748693043,35551100
2021-02-10,366.2189025878906,368.2843406618065,363.79673307468596,368.13412437908295,59154400
2021-02-11,366.810302734375,367.7303665526543,364.35996990983296,367.30788154457827,42913300
2021-02-12,368.622314453125,368.8663908298301,365.92784763222704,366.00297009492465,50593300
2021-02-16,368.3031005859375,370.0587372438281,367.58021159797727,369.8615622600723,50972400
2021-02-17,368.38763427734375,368.64110814343223,365.5147872075395,366.53813744478924,52290600
2021-02-18,366.8197326660156,367.5707853570375,364.02200838793544,365.7588499681001,59712800
2021-02-19,366.1719970703125,368.3782541037328,365.72134819194525,368.0872189898378,83241000
2021-02-22,363.3554992675781,365.78706636941433,363.0832304512995,363.383663031274,67414200
2021-02-23,363.7967224121094,365.1580377369494,356.94327303732115,361.13044793627193,107284100
2021-02-24,367.8055419921875,368.23742456544716,361.7031449480234,362.69830278931323,72433900
2021-02-25,358.9429931640625,367.9088401484747,357.48781758977935,366.5287583954201,146670500
2021-02-26,357.0934143066406,361.99410872869663,355.09373019748244,360.8393660059298,152701600
2021-03-01,365.74945068359375,367.0075083435912,357.2906102035209,362.0035274155748,105348800
2021-03-02,362.8954162597656,366.20948556201364,362.38843995366227,365.97477802318355,79595300
2021-03-03,358.08868408203125,363.16773105398926,357.9853978452796,362.19136812027995,119940200
2021-03-04,353.6573486328125,360.5107976486154,349.13218018196284,357.9008508325048,183433000
2021-03-05,360.1634521484375,361.22433491140765,349.8457169048159,357.18734765984703,152039600
2021-03-08,358.3703308105469,363.9657518064445,358.0886931592278,361.13049439679133,123149200
2021-03-09,363.4869689941406,366.05935505407604,361.74072959773366,362.24770602260395,113633600
2021-03-10,365.74945068359375,367.4581284956395,364.4257253361284,365.8527369023205,109899400
2021-03-11,369.4579162597656,371.44823207026684,367.77740186659247,368.2374482328218,86245000
2021-03-12,369.9555358886719,370.096354730213,367.2704944738459,368.08727240561694,64653600
2021-03-15,372.1617126464844,372.4245839773776,368.04963145900535,370.2089296305693,73427200
2021-03-16,371.6923522949219,373.49489064363985,370.9131070075704,372.78139901223625,73722500
2021-03-17,372.95977783203125,373.7671582322049,369.24198877996133,370.3967604985205,97959300
2021-03-18,367.5333251953125,372.4527871877105,366.84796870786806,370.3498163178297,115349100
2021-03-19,366.85321044921875,368.82178866826683,364.65855545871983,367.22996674208673,113624500
2021-03-22,369.78253173828125,371.1765616795176,367.3147448954864,367.37125690374404,73778600
2021-03-23,366.8721008300781,370.6020376321158,366.08090385659546,369.1420959687848,90686600
2021-03-24,365.0070495605469,369.9332235216571,364.959965803985,368.2848896167229,97588600
2021-03-25,367.0604248046875,367.8610211348772,361.5973580398518,363.5565367226419,116128600
2021-03-26,372.97564697265625,373.38065932679893,367.6162038619464,368.2190082678176,114409100
2021-03-29,372.7872619628906,373.7009112131859,369.98980219608274,371.4874281073502,108107600
2021-03-30,371.7982482910156,372.476421181787,370.1875697100177,371.5062599798871,76262200
2021-03-31,373.3052673339844,374.87826163220427,372.34453439848375,372.3727904040966,112734200
2021-04-01,377.3366394042969,377.39318016304185,375.04781660011315,375.25503689995696,99682900
2021-04-05,382.7525939941406,383.2989151224539,379.9457348161161,380.02107458657326,91684800
2021-04-06,382.5264892578125,383.5814183558984,381.84831644551986,382.1874172239972,62021000
2021-04-07,382.9692077636719,383.3177080666355,381.8954508503425,382.35697517106036,55836300
2021-04-08,384.787109375,384.8436213885164,383.28948352748415,384.231388745645,57863100
2021-04-09,387.58453369140625,387.7540984611643,384.54219851066523,384.66465077701025,61104600
2021-04-12,387.7259216308594,387.9990534788421,386.3695756638091,386.98180837588905,56704900
2021-04-13,388.8749694824219,389.5060586179823,387.2360636225669,387.62224820631803,56551000
2021-04-14,387.54693603515625,389.91109872377695,387.00061487985664,388.846741166246,61659900
2021-04-15,391.7100830078125,391.9832435448508,389.65673671687347,389.70382047565164,60229800
2021-04-16,393.0193176269531,393.63155017183914,391.578204023598,393.00988937798735,82037300
2021-04-19,391.0885009765625,392.5296149704581,389.7510115153884,392.0775188121657,78498500
2021-04-20,388.2250671386719,390.9754141421128,386.7368408708665,389.86397293859443,81851800
2021-04-21,391.89849853515625,392.10571882633735,387.4621044027784,387.603413176734,66793000
2021-04-22,388.3192138671875,392.56721516097747,387.245456976526,391.72893455055413,97582800
2021-04-23,392.52960205078125,393.95188823949144,388.80909339549976,388.884433171179,73209200
2021-04-26,393.3489990234375,393.92357611673395,392.5954863953084,393.1888912436756,52182400
2021-04-27,393.2642517089844,393.8482570828888,392.11512620656885,393.6504362932442,51303100
2021-04-28,393.1512451171875,394.66772751504794,392.68029249276714,393.53742971857224,51238900
2021-04-29,395.6567077636719,396.2783686634954,392.24701543754844,395.90161232123864,78544300
2021-04-30,393.0570068359375,394.2249887660471,392.15278594219455,393.3678516318473,85527000
2021-05-03,393.9047546386719,395.44946417435136,393.4055460470318,395.0632796042653,68128300
2021-05-04,391.4746398925781,392.39771734907873,387.75413154931385,391.89850873614796,101591200
2021-05-05,391.59716796875,393.3679547104861,391.0320189828193,393.13247836173764,60162200
2021-05-06,394.7242126464844,394.85606442511505,389.6473299035696,391.67242030171866,74321400
2021-05-07,397.59698486328125,398.2563299454914,394.8089537551282,395.49655484116664,67733800
2021-05-10,393.6598205566406,398.1809535475394,393.53736829425725,397.9549055213932,81852400
2021-05-11,390.1465759277344,391.1449932197083,386.2376747852327,389.1010748698754,116888000
2021-05-12,381.8577575683594,388.62062942096463,380.52966790181773,387.3396522571492,134811000
2021-05-13,386.44482421875,388.3945746792143,383.3742043869847,383.4213168888968,106394000
2021-05-14,392.3788757324219,393.2360129578294,389.1764036367822,389.2046596444476,82201600
2021-05-17,391.38043212890625,392.199913785387,389.34591347991636,391.2580086003731,65129200
2021-05-18,388.0083923339844,391.88903677824703,387.8482558180368,391.64413225197285,59810200
2021-05-19,386.9911193847656,387.1700836550942,381.7823852804568,383.2800396994511,106467100
2021-05-20,391.1543884277344,392.42596619056087,387.7541244695032,387.8765479993963,78022200
2021-05-21,390.8341369628906,393.90475704228044,390.37261262384055,392.6520070581948,76578700
2021-05-24,394.81842041015625,395.901605655156,392.8498132215286,393.09471777497174,51376700
2021-05-25,393.9424133300781,396.2689202747315,393.3584367175576,395.9109917071441,57451400
2021-05-26,394.7242126464844,395.2328207500578,393.4903191541145,394.5358201116805,43088600
2021-05-27,394.9314270019531,396.2783444970981,394.648838203994,395.7603081511699,56707700
2021-05-28,395.6378479003906,396.7775450852453,395.4023716125062,396.5138127926013,58520200
2021-06-01,395.2893981933594,398.1621977754227,394.84670156568177,398.02091773354005,54216600
2021-06-02,395.9109802246094,396.7587178578517,394.9314195618658,395.9486644792269,49097100
2021-06-03,394.4416809082031,395.5908065495548,392.09634585731953,393.57514410993934,58138800
2021-06-04,398.0491027832031,398.3505193152656,394.50753039312485,396.3065725915034,55938800
2021-06-07,397.6629638671875,398.218684493066,396.7210586549191,398.0397202031617,51555000
2021-06-08,397.7476806640625,398.62364549994356,395.9015547342712,398.52944924191434,47134300
2021-06-09,397.154296875,398.67077909893453,396.9282488394972,398.5954105906578,48436300
2021-06-10,399.0004577636719,399.9612194878292,397.06013530364106,398.3882251175844,51020100
2021-06-11,399.6597900390625,399.77281406304684,398.25636050014776,399.5561942652986,45570800
2021-06-14,400.5545959472656,400.65819171701486,398.52007736039525,399.7727985705621,42358500
2021-06-15,399.8199462890625,400.74299502690417,398.93455306462926,400.70533951349574,51508500
2021-06-16,397.5875549316406,400.1872222514941,395.5248091715786,399.9611742218244,80386100
2021-06-17,397.45574951171875,398.4447385015173,394.9597064108307,397.17318944168096,90949700
2021-06-18,392.0939025878906,394.84378856528497,391.88600435592303,394.1445076208059,118676300
2021-06-21,397.7070617675781,397.89607063025153,393.04828457358377,393.8704183326765,72822000
2021-06-22,399.8333435058594,400.6743955844537,396.9700347098301,397.69769298877304,57700300
2021-06-23,399.35137939453125,400.7215927864309,399.2663340534096,399.9089180787986,49445400
2021-06-24,401.7138671875,402.1390939154191,401.2602631723464,401.51542804780445,45110300
2021-06-25,403.14080810546875,403.5944121550044,402.1391243966143,402.4698755469814,58129500
2021-06-28,403.9534606933594,404.1235513759188,402.46039441527404,403.66997622242707,53159600
2021-06-29,404.17083740234375,404.98351215047194,403.63218804302727,404.3409280930627,35970500
2021-06-30,404.5110168457031,405.1914084440255,403.6794239101195,403.70777235843684,64827900
2021-07-01,406.7505798339844,406.91124024679766,405.2102470446854,405.27640302870867,53441000
2021-07-02,409.8596496582031,410.2187492332736,406.83568055743666,407.92243837842585,57697700
2021-07-06,409.11309814453125,410.1336999627239,406.35375304229035,409.91634263286466,68710400
2021-07-07,410.55889892578125,410.8424122288662,407.771205563691,409.8029211282968,63549500
2021-07-08,407.2136535644531,407.9790904319347,404.0006759335339,405.1913683223734,97595200
2021-07-09,411.5605773925781,411.862980043312,407.0151938914558,408.7350765239626,76238600
2021-07-12,413.03472900390625,413.28989384178925,411.0408211274111,411.47550688706417,52889600
2021-07-13,411.626708984375,413.7529288310227,411.36211389034025,412.2409445056661,52911300
2021-07-14,412.2409973144531,413.82859692073816,410.9841776664629,413.33718536979273,64130400
2021-07-15,410.8329772949219,411.570065784364,408.91465540325174,410.88967419113237,55126400
2021-07-16,407.610595703125,412.0709344744528,407.2137174037618,412.0236966707646,75874700
2021-07-19,401.5909423828125,407.6766581791348,398.7559826828624,402.7438271476736,147987000
2021-07-20,407.345947265625,408.6311441190771,401.4586699931471,402.26191442171665,99608200
2021-07-21,410.6440124511719,410.7857835456072,407.29877986119885,408.555599646916,64724400
2021-07-22,411.5038757324219,411.74958148813425,409.83125975524337,410.8234841955062,47878500
2021-07-23,415.7374572753906,416.0776386498609,412.7607548939521,413.45057673841876,63766600
2021-07-26,416.7580871582031,416.76754625502116,415.094929924685,415.1421677313557,43719200
2021-07-27,414.85858154296875,415.737412170375,412.0047035194692,415.7090637255782,67397100
2021-07-28,414.6884765625,416.07760808361587,413.2521072446354,415.49172097815404,52472400
2021-07-29,416.408447265625,417.4951763690696,415.61466177688175,415.624120873714,47435300
2021-07-30,414.3861083984375,415.8508261820445,413.686798661586,413.8191106362107,68951200
2021-08-02,413.5167541503906,416.6730064780884,413.1576545662663,416.115467748577,58783300
2021-08-03,416.8808898925781,417.00374278158887,412.10871844475656,414.3199839308309,58053900
2021-08-04,414.83026123046875,416.85251772009536,414.59401456157235,415.5862390354553,46732200
2021-08-05,417.4573669433594,417.54241229246264,415.68078719220455,416.0020792350527,38969700
2021-08-06,418.1472473144531,418.57250295815334,417.4952040414258,417.7787174167965,46930000
2021-08-09,417.8069763183594,418.4401012607653,417.0320802992992,418.1188092418464,41222600
2021-08-10,418.3266906738281,419.0448897688718,417.5707128759854,418.26053468587315,43339300
2021-08-11,419.3662414550781,419.4607459029335,418.27005330511406,419.404049001962,44034300
2021-08-12,420.6230163574219,420.76478743344114,418.3078162447479,419.214995402262,38909400
2021-08-13,421.3885192871094,421.407408640849,420.5852747532026,421.0766574988041,39470300
2021-08-16,422.38067626953125,422.5129594019516,418.50622530865564,420.07490657920346,73740000
2021-08-17,419.6119079589844,420.4812795849451,416.5973980385413,419.8008879982905,92673900
2021-08-18,415.0192565917969,420.1694456994508,414.77357965738935,418.59130520390164,89351900
2021-08-19,415.66180419921875,416.8714147677765,412.12756344016157,412.2693056665697,92812200
2021-08-20,418.9693603515625,419.30011152026077,415.5201640807611,416.0115757046707,72008700
2021-08-23,422.65478515625,423.57142346190227,419.0449288318291,420.6703072035412,54973000
2021-08-24,423.32568359375,423.8643329218765,422.8059524559679,423.32568359375,38744700
2021-08-25,424.2139587402344,424.73368986008194,423.1366601211563,423.51467785054047,40529700
2021-08-26,421.7097473144531,424.1666895081874,421.61524288268555,423.9304428481204,57829600
2021-08-27,425.4802551269531,425.8582440333949,422.4657452932493,422.5224421872804,77235100
2021-08-30,427.3513488769531,428.14513425016696,425.9149506255805,426.16065639777963,48357400
2021-08-31,426.7181701660156,427.59700083087245,426.1133937050091,427.25681947881327,59300200
2021-09-01,426.94500732421875,428.1829376747278,426.70876063383605,427.66320649136867,48721400
2021-09-02,428.258544921875,429.0712196793282,427.0489630428168,428.38139781281717,42501000
2021-09-03,428.154541015625,428.67430097916696,426.7087125868298,427.11507876594925,47170500
2021-09-07,426.62371826171875,427.8994561664255,425.9433266351223,427.8049517218718,51671500
2021-09-08,426.10394287109375,426.82214196874787,424.1667028941858,426.0850535196256,56181900
2021-09-09,424.2801208496094,427.6726194972524,424.03441508970457,425.90549905782456,57970400
2021-09-10,420.9349365234375,426.6520953184334,420.81208362115103,426.22686854749116,89948200
2021-09-13,422.01214599609375,424.22344024271814,419.678027703506,423.9588451213955,83738600
2021-09-14,419.7347106933594,423.6752886645813,418.8369618881301,423.46739045909146,78197100
2021-09-15,423.24066162109375,423.74150343488867,419.0449182290847,420.1599956501818,78792200
2021-09-16,422.56976318359375,423.69427095233397,419.5930316705178,422.7115054369048,77786700
2021-09-17,418.4534606933594,422.2170782120078,418.09321066958944,421.79048918209384,118425000
2021-09-20,411.47607421875,413.8650594874036,406.5653388809845,412.2724026416345,166445500
2021-09-21,411.0873718261719,415.14487114538036,410.5564862278527,413.83660701698824,92526100
2021-09-22,415.097412109375,417.1546152981339,411.2010883065246,413.38150901790317,102350100
2021-09-23,420.1408996582031,421.7620246681326,416.74702176639056,416.9840253014112,76396000
2021-09-24,420.8329772949219,421.55347732826795,418.2733274414744,418.49138111764404,62094800
2021-09-27,419.6289978027344,420.9656722966532,418.92744765765326,419.7901440070357,61371100
2021-09-28,411.1727294921875,417.16418631824087,410.433279556327,416.8323755543462,130436300
2021-09-29,411.8647766113281,414.32012989284937,411.2959623108416,412.56629785430647,82329200
2021-09-30,406.830810546875,414.0641342862218,406.4895104050735,413.3531236661562,140506000
2021-10-01,411.6656188964844,413.3625721758853,405.02005996479505,408.5751127134574,129240100
2021-10-04,406.3568115234375,411.4002249674628,404.1953114217308,410.49013945644197,128570000
2021-10-05,410.5849304199219,412.8506691736615,407.0678060560915,407.87359493139195,90682500
2021-10-06,412.2912902832031,412.4998545242253,405.313921003719,406.953966737533,113032200
2021-10-07,415.8559265136719,418.7189190793424,415.419848067625,415.5999730862071,72437500
2021-10-08,415.097412109375,417.0219083772001,414.46225890637095,416.63321915052796,74557400
2021-10-11,412.0922546386719,417.37270016007676,412.0258867076946,414.43385064107133,65233300
2021-10-12,411.077880859375,413.4289663080343,410.28155246493276,413.02132717714636,71181200
2021-10-13,412.5567626953125,413.38153032054436,409.10600646900673,412.11119491798,72974000
2021-10-14,419.4962463378906,419.64793206818484,415.780018273419,416.2540253314279,70236800
2021-10-15,422.6910095214844,423.06074887887905,421.00354571093965,421.62923844039,66260200
2021-10-18,423.9423828125,424.28365396544575,420.2261552042398,420.8897765764227,62213200
2021-10-19,427.2131042480469,427.27944324995207,424.9662864430067,425.58251877644767,46996800
2021-10-20,428.89111328125,429.19448477266565,427.5638991701788,427.6776562466852,49571600
2021-10-21,430.0096740722656,430.2371881781703,427.8482032728958,428.28428161957703,41305400
2021-10-22,429.5641174316406,431.0335565531712,427.60172142420976,429.57360682999587,58845100
2021-10-25,431.8678283691406,432.19963910318006,428.87212915675536,430.6638608308155,45214500
2021-10-26,432.2565612792969,434.6550361298857,431.8773613725786,433.4321186005516,56075100
2021-10-27,430.34149169921875,433.39409803736487,430.26563437530024,432.72101617582206,72438000
2021-10-28,434.4938049316406,434.5696333257141,431.77300924593123,431.78246971325746,51437900
2021-10-29,435.3754577636719,435.6693398082628,431.8772835620904,432.17116560668126,70162400
2021-11-01,436.12445068359375,436.7501435130001,434.3801080672623,436.3709146968047,48433600
2021-11-02,437.8877258300781,438.20058669794196,436.1623331504349,436.29506901706696,48908400
2021-11-03,440.56109619140625,440.9687352947348,436.8733076021169,437.3188753686437,52509800
2021-11-04,442.63726806640625,442.7225858638992,440.8170682599395,441.16782884888653,52847100
2021-11-05,444.173095703125,446.1828811950466,442.64680671521955,444.8841063591028,66390600
2021-11-08,444.55224609375,445.7846817855233,443.8602143149003,445.2822354684964,50405200
2021-11-09,443.0828552246094,445.15900851433014,441.6608340086963,444.9220049783446,51149100
2021-11-10,439.5182800292969,443.0828222028137,438.02043052318135,441.37637951223724,69429700
2021-11-11,439.66058349609375,441.10158375455404,439.6416336252037,441.0257264087927,34848500
2021-11-12,442.97857666015625,443.5379015561231,439.982848371599,440.9403519539151,53466700
2021-11-15,443.1302185058594,444.4384825771468,441.9926189581572,444.27733638349196,46980500
2021-11-16,444.8840637207031,446.0311527017011,442.7889606225939,442.86478902228106,48857500
2021-11-17,443.8033447265625,444.7987479817009,443.1776519346402,444.618622984128,47858300
2021-11-18,445.3106384277344,445.57608119752007,442.09685699570446,444.84609188229035,50625600
2021-11-19,444.51434326171875,446.4577605856498,444.1446038774356,445.19688563683684,57315600
2021-11-22,443.2629089355469,448.9225536218722,443.0543447001796,446.4103223306924,72762000
2021-11-23,443.8507995605469,444.71349601054385,440.3052354792555,442.93122456932804,73206500
2021-11-24,445.0357971191406,445.15904359654127,441.0067366898637,441.83150443111646,61858800
2021-11-26,435.11004638671875,439.7837491039773,433.9724178583241,438.3048493757214,112669600
2021-11-29,440.4473571777344,442.3054567152702,437.72656133642613,439.9449108613718,86268800
2021-11-30,431.8773193359375,439.90700025957676,431.63082640156864,437.98253271247785,148559600
2021-12-01,427.08038330078125,440.5137568104239,426.88130842592074,437.64127503447935,131939200
2021-12-02,433.6217041015625,435.20490059931006,426.90028666576393,427.2984653730443,127637800
2021-12-03,429.8486022949219,436.37091555225726,425.5825384842308,435.299683830805,137331600
2021-12-06,434.93939208984375,436.83542026826586,429.9812679880761,432.4176711408111,98977500
2021-12-07,443.93609619140625,444.5049105075848,434.80671465658895,440.2672858021465,95484700
2021-12-08,445.1116027832031,445.5666600001001,442.5614423508425,444.33425315126186,72238800
2021-12-09,442.1064147949219,445.2159001211101,441.9073399195555,443.8128287316838,61272600
2021-12-10,446.26812744140625,446.4198131620899,442.25804650062423,444.8366458900603,77159800
2021-12-13,442.3149719238281,446.09753915015983,442.030550318232,445.74677854124434,87724700
2021-12-14,439.2718505859375,441.5281290353668,436.32354027891023,439.01589716435853,97264100
2021-12-15,446.1354675292969,446.3819315366726,436.7880329084445,439.3287328337559,116899300
2021-12-16,442.2012023925781,448.28743690413575,440.6369559336206,448.00304423764993,116568600
2021-12-17,437.494873046875,442.1279169900657,435.77294149987256,439.09312514032433,135511600
2021-12-20,432.84283447265625,433.2423829997839,429.18967420380403,432.36716210901295,107134800
2021-12-21,440.5296630859375,440.6723589807062,434.10808652672756,436.29616766714196,69806300
2021-12-22,444.9344482421875,445.04860497202753,440.0730612564143,440.2728645663733,58890200
2021-12-23,447.702880859375,449.2155156485741,445.8382531298437,445.94288712497377,56439700
2021-12-27,454.03875732421875,454.08631294366415,449.04419790759647,449.0917535270419,56808600
2021-12-28,453.6676940917969,455.5133049357103,452.89710728954503,454.47634280715823,47274600
2021-12-29,454.2481689453125,455.2756086530477,452.76407323817165,453.7724964998765,54503000
2021-12-30,452.9922790527344,455.6940944167048,452.52612945748064,454.67614865756263,55329000
2021-12-31,451.8506164550781,453.65816536200236,451.57474742869493,452.4975528384603,65237400
2022-01-03,454.4668884277344,454.6000906272862,450.79471166049126,453.12548885801067,72668200
2022-01-04,454.3146667480469,456.62645651980097,452.44051645811953,455.9034252304674,71178700
2022-01-05,445.5908508300781,454.7237660763422,445.49571055020033,453.9436564271761,104538900
2022-01-06,445.1722717285156,447.9121492973956,442.7843870775043,445.12471610335325,86858900
2022-01-07,443.4123229980469,446.37102061424014,442.0423840749126,445.1818395374042,85111600
2022-01-10,442.8605041503906,443.0792948620805,434.3840189384609,440.1872277237747,119362000
2022-01-11,446.8941650390625,446.9893053139522,439.568799363593,442.59409752176475,74303100
2022-01-12,448.10235595703125,450.17630940225746,446.12357181807585,448.6446293867217,67605400
2022-01-13,441.9281921386719,449.8719269057924,440.89122980619044,449.2154966810421,91173100
2022-01-14,442.1089172363281,442.46091013573596,437.52342874092443,438.7506715527744,95890900
2022-01-18,434.2793273925781,437.58049462168793,433.156747628445,437.37119762899056,109709100
2022-01-19,429.7699279785156,437.2474826845548,429.49402991218636,435.8395112413577,109357600
2022-01-20,425.0132751464844,436.41988962546833,422.8727494182704,431.67268852315004,122379700
2022-01-21,416.6700439453125,426.2595876292255,416.64150476002004,423.8812254123804,202271200
2022-01-24,418.4394836425781,418.9532179518293,400.28783805400167,411.00948324953237,251783900
2022-01-25,413.33074951171875,418.3253093866,406.3668990611703,411.9893499471079,167997300
2022-01-26,412.2938537597656,422.4351937879765,407.99375626885256,419.27672178006065,186391100
2022-01-27,410.2579040527344,420.10432810226087,408.5550178398871,416.93636283327237,149878300
2022-01-28,420.44683837890625,420.49439400495163,407.00433195246904,411.6278536612433,164457400
2022-01-31,428.01947021484375,428.37146308619947,418.41088354994247,419.7712994164869,152251400
2022-02-01,430.9115905761719,431.55849799995866,425.19399967720074,428.7520195407641,123155400
2022-02-02,435.0975646972656,435.8300897660779,431.0067645002516,433.3375709516166,117361000
2022-02-03,424.87054443359375,430.93060546469786,424.02383372363494,429.0088996423524,118024400
2022-02-04,426.86834716796875,430.7498204846375,422.2352744315703,424.63268148053504,118454400
2022-02-07,425.4984436035156,429.0469407851803,424.1570440806359,427.63896919758696,84472900
2022-02-08,428.9993896484375,429.93171792427756,423.55769669774656,424.9942365130415,81012000
2022-02-09,435.27825927734375,435.601712989268,432.8713583636327,433.0711326201402,92589900
2022-02-10,427.4582214355469,435.43998863039553,425.44137525137256,429.3799273400882,140103700
2022-02-11,419.0292663574219,429.6367536501925,417.5832329068781,427.5438127901477,153214600
2022-02-14,417.6593322753906,420.11381781584214,414.1583908098364,418.5155657162721,123006300
2022-02-15,424.39495849609375,424.5661936073304,421.61701866081876,422.1402757665864,88482700
2022-02-16,424.87054443359375,426.2594995520665,420.43727469350324,422.33044133645325,84863600
2022-02-17,415.794677734375,424.84197437061925,415.18583227395254,421.65496408370154,102259100
2022-02-18,413.1024475097656,417.31689784832867,410.8097031435633,416.05159305330477,132642900
2022-02-22,408.66912841796875,414.3105952266778,405.13961886160763,410.8762549746331,124391800
2022-02-23,401.419921875,412.1796284872362,400.84910922840714,411.6088158406434,132578000
2022-02-24,407.4609375,407.89857698071773,390.6602150652989,391.0217016763123,213942900
2022-02-25,416.451171875,416.53678942012624,407.04235819092753,408.70721153366026,121804500
2022-02-28,415.3855895996094,416.8792075616213,409.7441231946337,411.0093987146438,145615000
2022-03-01,409.05926513671875,415.8994368653212,406.32888105586875,413.8730677089917,137785900
2022-03-02,416.5843811035156,418.32532928258536,410.57187510507873,411.33293931863886,117726500
2022-03-03,414.5103759765625,419.6476313624851,412.6933041819645,419.03878587373316,105501700
2022-03-04,411.1427001953125,412.28429655012116,407.0614228224781,410.74312259984873,113978200
2022-03-07,399.02252197265625,411.26632427366525,398.9559208722244,410.55281571036414,137896600
2022-03-08,395.99725341796875,406.42398378120083,394.92222920189033,399.2032805901927,164772700
2022-03-09,406.6142883300781,408.61211823568055,402.247619140359,404.4547460652673,116990800
2022-03-10,404.7781677246094,405.6819278019332,399.9833821378538,401.96216640943857,93972700
2022-03-11,399.6313781738281,407.9080597079129,399.11764390270645,407.289691454699,95636300
2022-03-14,396.71075439453125,403.8933955288673,395.5596353946392,400.41149934845794,95729200
2022-03-15,405.4345703125,406.0719549823202,398.06164912865256,399.34594120545717,106219100
2022-03-16,414.4247741699219,414.4818525293858,404.1312175331335,408.9735876119656,144954800
2022-03-17,419.609619140625,419.609619140625,412.1130181639173,412.49355024221614,102676900
2022-03-18,424.20550537109375,424.52996393742103,417.23912570886466,417.9834786840698,106345500
2022-03-21,424.0814514160156,426.0568305641095,420.54097694294705,424.0337189354583,88349800
2022-03-22,429.0437927246094,429.9885405356735,425.48424274904465,425.48424274904465,74650400
2022-03-23,423.5184326171875,427.99410304889057,423.43254909079474,426.48632149177547,79426100
2022-03-24,429.90277099609375,429.9123233192807,424.4346484302904,425.5607158947629,64736900
2022-03-25,432.0021667480469,432.2789219648752,427.9368385119632,430.5420885837104,77101300
2022-03-28,435.074951171875,435.074951171875,429.49228990233075,431.40089005445344,68529800
2022-03-29,440.45721435546875,440.95346906287335,436.28692743753953,438.9971363181606,86581500
2022-03-30,437.7374267578125,440.1231767856556,435.60932724872345,439.30246363215645,79666900
2022-03-31,431.00018310546875,437.7947962922711,430.54210849673177,436.9645597263181,121699900
2022-04-01,432.2216491699219,432.73695029721745,428.61439566420177,432.59381109519086,89048800
2022-04-04,435.9243469238281,436.0293350963062,431.5918447138777,432.4220812800371,59601000
2022-04-05,430.4180603027344,436.907290650723,429.26336510177845,434.41658086317335,74214500
2022-04-06,426.1141357421875,428.41400283186397,423.20353163844754,426.4672512967876,106898000
2022-04-07,428.26129150390625,430.0935607072761,423.2607677608337,425.22662384866436,78097200
2022-04-08,427.1161804199219,430.0363369271341,425.5606663143746,427.4978947047531,79272700
2022-04-11,419.8157653808594,424.6635976818795,419.30998742943643,423.8142565075086,89770500
2022-04-12,418.2602233886719,425.3792943956459,416.69515715434574,422.8313001658836,84363600
2022-04-13,423.0509033203125,423.8143319827034,417.83087902506566,418.0121984288974,74070400
2022-04-14,417.7830810546875,424.4059265877195,417.678092891693,423.27983024971434,97869500
2022-04-18,417.9549255371094,419.653578995528,415.7027615667373,416.84793363613807,66002500
2022-04-19,424.7017822265625,425.42703059727864,417.6781173945853,417.84988444636554,77821000
2022-04-20,424.3868713378906,427.116185295308,423.21310062670966,426.4958959350102,65224400
2022-04-21,418.040771484375,429.4446712928866,417.12465138499164,428.041848739331,85417300
2022-04-22,406.5700988769531,418.05985326357046,405.99751288516734,416.94333824637476,132471800
2022-04-25,408.9272155761719,409.0989826342427,399.6991192062634,404.3084057916933,119647700
2022-04-26,397.08428955078125,406.57003516405314,397.0556617118248,406.36961116842957,103996300
2022-04-27,398.20086669921875,403.59268657073534,396.0441678735454,398.17223885578295,122030000
2022-04-28,408.2591857910156,410.00557154952264,398.5157884366503,402.99145891890487,105449100
2022-04-29,393.17169189453125,406.40783132849606,392.4177865639049,404.23202798487074,145491100
2022-05-02,395.53839111328125,396.9125858483123,386.5106894828541,393.23852394038806,158312500
2022-05-03,397.3515319824219,399.78498590477767,394.4695266668766,396.04414533503444,100028200
2022-05-04,409.4520263671875,410.02461229063664,394.8035130133532,398.0194999089657,144247900
2022-05-05,394.89898681640625,405.5776090165834,390.72869935512847,405.148162251981,172929100
2022-05-06,392.5418701171875,395.8437409015937,387.18825957399235,392.3128473714051,151770800
2022-05-09,379.9737243652344,387.8371487128765,378.3800302132981,386.5870177776935,155586100
2022-05-10,380.8516845703125,387.52223402111315,376.77683297323864,386.0049001132154,132497200
2022-05-11,374.8013916015625,385.57544867051286,374.0474863131759,379.878275493218,142361000
2022-05-12,374.4101257324219,377.71199617086995,367.5487051705862,371.5758530585973,125090800
2022-05-13,383.36151123046875,384.75478149060405,377.5307213516521,378.58045748857603,104174400
2022-05-16,381.8059387207031,385.5086279158412,379.42974069640155,381.70097968452825,78622400
2022-05-17,389.659912109375,389.8984871884306,384.18220849066387,387.9517063889155,83029700
2022-05-18,373.9521179199219,385.34646632966593,372.7019868021285,385.06018787632973,117674500
2022-05-19,371.6617126464844,376.12785929423274,369.41910156363826,370.86010404892136,98510700
2022-05-20,371.823974609375,378.8857899423689,363.1493896821805,375.2785365159818,131432200
2022-05-23,378.78082275390625,379.5538035341477,372.5396917107267,374.8777095699144,76414900
2022-05-24,375.8893127441406,377.0917111701148,369.2759903480961,374.6200771929791,91448800
2022-05-25,379.2102966308594,381.19525751700854,373.980749748556,374.38153955628485,91472900
2022-05-26,386.787353515625,388.4383030973907,380.24086910796314,380.45081628528055,82168300
2022-05-27,396.28277587890625,396.3972872621666,389.06826750414564,389.2686624248513,84768700
2022-05-31,394.05914306640625,397.42782133794896,391.2916785324272,394.65080448339637,95937000
2022-06-01,390.8718566894531,397.21794786485407,388.333414394706,396.19686867648136,86585800
2022-06-02,398.3153991699219,398.3631025337092,388.4383856625304,390.70962493911514,79609600
2022-06-03,391.7784118652344,395.1184625618482,390.79548382514815,393.5533962564281,71874300
2022-06-06,392.97125244140625,397.57095686147466,391.7879004954224,395.82460046541917,57508900
2022-06-07,396.74078369140625,397.19885830383157,388.98231786086734,389.44994479530135,59272400
2022-06-08,392.4273986816406,396.81718620112815,391.62578986688936,395.0135445257359,64350000
2022-06-09,383.09429931640625,392.92358036094004,383.09429931640625,390.6332655578667,86289800
2022-06-10,371.9862365722656,377.6929627167684,371.93853320755727,376.83409829148513,132893900
2022-06-13,357.862548828125,364.36133038500947,356.24022695759936,362.4909102842212,170004900
2022-06-14,356.7842102050781,360.66821899868324,353.6541067219723,359.62803527808586,104011800
2022-06-15,361.8706359863281,366.35582930999794,355.11417447625564,360.1146980459652,125666800
2022-06-16,349.8941650390625,353.98812108112827,347.44160651779964,353.5777789816603,134473300
2022-06-17,350.6484680175781,354.0221341889106,347.11191563709605,350.3130435164958,111113900
2022-06-21,359.47552490234375,360.8748135269164,356.3510582726465,356.4277484499762,76811900
2022-06-22,358.8238525390625,362.97380954248774,354.7888723195148,355.2105806049247,90059400
2022-06-23,362.3411560058594,363.07913069539904,357.38612877130987,360.9802126304766,79292100
2022-06-24,373.8614196777344,373.871013261912,365.51356825528467,365.54231975908544,98050300
2022-06-27,372.433349609375,375.08816907581837,371.3311697207152,374.7910604775378,66009600
2022-06-28,364.8235168457031,376.81339161688345,364.70851082610875,374.0052207264319,86548900
2022-06-29,364.52642822265625,366.3761767197178,362.68627331066523,365.3794383293623,65676000
2022-06-30,361.5648498535156,364.83307374242355,357.0698464644111,360.59683387138494,112508300
2022-07-01,365.3890075683594,365.8299030052341,358.2583413790639,360.90359700537084,74839700
2022-07-05,366.0791015625,366.0982887343967,357.39579482722246,360.251904809751,81438000
2022-07-06,367.3154296875,369.82649200256554,363.8171933497468,366.2228139785871,70426200
2022-07-07,372.8167419433594,373.6218132968614,367.33456432297976,369.1076517170087,64525900
2022-07-08,372.5101013183594,374.3981948912325,369.62524011470316,371.16828636399435,72397800
2022-07-11,368.25469970703125,370.78491998015704,367.55504072968324,369.8073395278389,58366900
2022-07-12,364.9960632324219,370.10447203253966,363.2325691711035,367.69882196445025,62219200
2022-07-13,363.07916259765625,366.04071369671067,359.0825573743861,359.5042655908138,84224600
2022-07-14,362.19744873046875,363.29003516583515,355.61309086715886,358.0762144511907,89704800
2022-07-15,369.11724853515625,369.23225455113095,364.7180929317278,366.64450219676957,79060400
2022-07-18,366.06951904296875,372.9126411092704,364.83314571528604,372.2321692617026,63203600
2022-07-19,375.96038818359375,376.53544754043486,369.3664658711822,370.0277504955055,78506000
2022-07-20,378.3564453125,379.7845147474623,374.7719544698271,376.1520852298503,71843800
2022-07-21,382.20928955078125,382.25719897285154,375.34698143313057,377.7717890142625,64903900
2022-07-22,378.6631164550781,383.5414831409363,376.4204114663106,382.3338907615886,72197300
2022-07-25,379.12322998046875,379.98580445952473,376.8613374644863,379.2957390265327,53631500
2022-07-26,374.63775634765625,377.6759390604827,373.7368369268148,377.4650849566957,52946400
2022-07-27,384.3658142089844,386.1293083130288,377.6664202322829,377.96352890342024,82342100
2022-07-28,389.1866760253906,389.886305811073,381.595956089369,385.1804765377272,73966600
2022-07-29,394.8605041503906,395.8572718100489,389.8575371790331,390.6338571186631,87003700
2022-08-01,393.6911926269531,396.2214420202733,391.41973602311015,392.1385528850216,69997500
2022-08-02,391.0939025878906,395.82851231479935,389.9054679879934,392.1098281488482,63435400
2022-08-03,397.21820068359375,398.3970415915023,392.9532090324076,393.24072407123106,67820600
2022-08-04,396.9498596191406,397.8315919396826,395.29177816491114,397.14152656986414,45656600
2022-08-05,396.2789001464844,396.9306203411072,392.5698102389128,392.6273132414542,56814900
2022-08-08,395.8189392089844,400.2564405155105,394.70716548596,397.9849836390781,53886100
2022-08-09,394.2471008300781,395.5888864789882,393.16407872636495,395.08092372444605,44931800
2022-08-10,402.52789306640625,402.67167985348516,399.3938617355903,401.36820992546006,68665700
2022-08-11,402.52789306640625,407.2816901583375,401.7803246182879,405.4031608282054,59489700
2022-08-12,409.3422546386719,409.44766707403227,403.52462305763476,404.48304555538454,61694500
2022-08-15,411.02911376953125,411.5562637636156,407.0516657172896,407.10916873500975,54048300
2022-08-16,411.83416748046875,413.77976402109744,409.1314089613489,409.9460739509929,59289000
2022-08-17,408.91094970703125,411.64245965460236,406.8886922915426,408.201726423682,63563400
2022-08-18,410.0994567871094,410.7894929743216,407.8088127536356,409.11225343890715,49023200
2022-08-19,404.5884704589844,407.57874384814335,403.70670892818333,407.31038672985295,68016900
2022-08-22,396.16400146484375,399.882685963165,395.2534882633907,399.7101476600692,77695600
2022-08-23,395.20550537109375,398.1478693291441,394.64960396761944,395.7326260221204,49105200
2022-08-24,396.47064208984375,397.8507435588888,394.28543999481735,394.9754761049733,49177800
2022-08-25,402.0678405761719,402.11575000266055,396.8731776502491,397.9753576980948,50942300
2022-08-26,388.4582214355469,402.4991052216598,388.40071842540107,401.9528266252748,103087000
2022-08-29,385.8896484375,388.9661764137198,384.51911130853955,385.47753379011743,65370800
2022-08-30,381.65338134765625,387.29850340637034,379.53527600203705,387.0588978028337,85652400
2022-08-31,378.7493896484375,384.5574275530069,378.6152257102167,383.30189644071856,76029700
2022-09-01,379.9378356933594,380.2828537316046,373.8230958598955,376.5546056575964,78740100
2022-09-02,375.9316711425781,384.8641767913802,374.10108046732296,383.6373970337272,99632100
2022-09-06,374.51318359375,377.73346913831426,372.2704784647713,376.7846402276361,76637400
2022-09-07,381.24127197265625,382.0175917988936,373.97644284295035,374.19686128204785,70964200
2022-09-08,383.733154296875,384.19317831662653,377.7334208836252,378.9506360162536,80821700
2022-09-09,389.69464111328125,390.56680920278984,385.7267574477413,385.99511460999497,76706900
2022-09-12,393.88287353515625,394.6112839532159,391.47722383773527,391.7839260399427,69256300
2022-09-13,376.755859375,386.34008358067933,375.6249279384253,385.12286838737015,122947100
2022-09-14,378.1935119628906,379.72699376241167,374.8581912425873,378.0689123621742,85023700
2022-09-15,373.8998107910156,379.49699512682906,372.61552804860594,376.6217273978932,87633800
2022-09-16,371.0473327636719,371.71136317944473,367.72718068480765,369.68079869706816,103084800
2022-09-19,373.9247741699219,373.9247741699219,367.7945488179989,367.87155402502384,73278500
2022-09-20,369.6326599121094,371.5862485386399,366.85145620574264,370.5661498096465,77274900
2022-09-21,363.1848449707031,374.65615310616454,363.17521197821367,371.5765911352479,106746600
2022-09-22,360.1341857910156,364.06059976527723,359.383546529662,362.4053401929484,89472600
2022-09-23,354.1002197265625,356.6697033623465,349.615620552936,356.63120075580275,122346900
2022-09-26,350.59716796875,356.27508283521655,349.3653490507068,352.6181286822732,92581200
2022-09-27,349.70220947265625,356.45796277654676,347.28667766286367,354.16754240423256,108294100
2022-09-28,356.58306884765625,358.28643461129496,348.95156496514926,350.6645637219512,110802200
2022-09-29,349.1343994140625,353.2917699930331,346.1607121839537,353.00307390035465,112952300
2022-09-30,343.7355651855469,352.13697434058156,343.6008501250042,348.1816614544452,153711200
2022-10-03,352.8106384277344,354.6776183989633,345.689183270215,347.48879102099403,89756500
2022-10-04,363.7430419921875,363.7719116040674,352.77214894457154,358.3826922250454,103602800
2022-10-05,362.8961181640625,365.1769053407249,356.9872464668105,359.33540585288915,88065700
2022-10-06,359.15264892578125,364.4648638546534,358.652203089681,361.48154293464745,82333500
2022-10-07,349.1343994140625,359.23917382213097,347.35402852553153,355.0817738742801,107789500
2022-10-10,346.4686584472656,350.50094712307487,344.20713710542515,350.26035724680406,76042800
2022-10-11,344.2745361328125,349.36542696877524,342.3209471934414,344.7557159638781,92482800
2022-10-12,343.1389465332031,346.27624831782265,342.888723631936,344.68836080575585,76991800
2022-10-13,352.1947021484375,353.6767439796687,335.0069464624053,336.0655477704276,147254500
2022-10-14,344.1686706542969,356.3232771792702,343.5238767958525,354.6776211071193,123737000
2022-10-17,353.01275634765625,354.12909701053803,343.83183751885736,350.30852821483086,93168200
2022-10-18,357.1605224609375,361.3179229746476,353.68638903881856,361.0099608546208,97162900
2022-10-19,354.6295471191406,357.8534579667284,351.79057427524526,355.10109397099734,79746900
2022-10-20,351.65576171875,358.64250055630293,350.8858565558786,354.1771387182859,88283100
2022-10-21,360.2015075683594,360.69229089086696,349.8561440321721,351.37665895983554,131038400
2022-10-24,364.609130859375,365.75434098810916,359.06593086609905,361.7413184100075,85436900
2022-10-25,370.43145751953125,370.7490232543905,364.41671022468387,364.5321886737236,78846300
2022-10-26,367.64056396484375,372.9912804112845,366.9957995493151,367.2556260403501,104087300
2022-10-27,365.6773681640625,370.50840221231954,365.05181100288513,368.65105545235804,81971800
2022-10-28,374.3770751953125,374.85825493641596,365.3886411557662,365.57149180689595,100302000
2022-10-31,371.6728515625,373.7804212016479,370.7586276654927,371.89420481868376,96631300
2022-11-01,370.04644775390625,375.69552243515034,368.86276441813186,375.45493257095166,85407600
2022-11-02,360.7596740722656,374.0017491994741,360.65382863224846,369.4497785322764,126990400
2022-11-03,357.0450439453125,360.11497341324537,354.9086044624389,357.4877211372206,87100100
2022-11-04,362.18408203125,364.6092179229565,356.0730920108006,362.80960996776173,103505200
2022-11-07,365.6485595703125,366.24521785234117,361.39491700890136,363.4928539905138,68286900
2022-11-08,367.6213073730469,370.62386413738716,363.5024101301145,366.76479337137215,84641100
2022-11-09,360.0475769042969,366.7937266309923,359.5471311508799,365.6292504500661,78495500
2022-11-10,379.83367919921875,380.1705109031337,371.1243373389023,373.44359792466923,141455800
2022-11-11,383.50994873046875,384.31832730210783,378.7943630092459,380.6998456652501,93839900
2022-11-14,380.2474670410156,385.117003583499,379.9683745729311,381.72950884012624,71903500
2022-11-15,383.4906311035156,387.1668514741279,379.64119306992325,386.0505109201203,93194500
2022-11-16,380.5650634765625,382.807348115334,379.92990270323594,381.84498864705984,68508500
2022-11-17,379.4006042480469,380.0839006465046,375.45495374774583,375.76288647093975,74496300
2022-11-18,381.1232604980469,382.8362593631309,378.24581477298864,382.76888714449285,92922500
2022-11-21,379.7375183105469,380.9212313386972,377.88017109987123,379.7856539178695,51243200
2022-11-22,384.8476257324219,385.01123979845045,380.2764173049914,381.70072018781093,60429000
2022-11-23,387.2727355957031,387.7635189859373,384.27978218086406,384.510739070386,68261600
2022-11-25,387.18609619140625,387.744281164528,386.4258533094622,386.704916427141,30545400
2022-11-28,381.00775146484375,385.7233071199727,380.2378462469591,384.06804761262214,67881600
2022-11-29,380.3533935546875,382.34545559729514,378.49601721476455,381.14250610275434,52310000
2022-11-30,392.3347473144531,392.3347473144531,378.66925887231594,380.603581661163,144566700
2022-12-01,392.0460510253906,394.56742842999506,389.51504062692806,393.3837155719069,76398200
2022-12-02,391.5937194824219,392.5079434136724,387.0032751017398,387.10912055286985,85342700
2022-12-05,384.54925537109375,389.68825192816416,383.1827212342418,388.74515834977194,77289800
2022-12-06,379.00604248046875,384.93418073616976,376.8985021196711,384.38565812195566,77972200
2022-12-07,378.36126708984375,380.7479292386982,377.21605692762836,378.149546823664,65927900
2022-12-08,381.3253173828125,382.40315531955406,378.46710850429406,380.2667454320792,60737900
2022-12-09,378.476806640625,382.65344404882086,378.3516951855617,380.074327203575,81447700
2022-12-12,383.9333801269531,383.9333801269531,378.6018996369105,379.27553374603605,75405800
2022-12-13,386.8396301269531,395.03892208586956,384.0487935897,394.7790956066049,123782500
2022-12-14,384.3663635253906,390.23676212158756,381.39267630993805,386.4931697146534,108111300
2022-12-15,374.96417236328125,380.3726285688953,373.2896760719886,379.45837520934816,117705900
2022-12-16,370.5372619628906,373.73729710162263,368.3813643429184,372.38381282151227,119858000
2022-12-19,367.3952331542969,371.06900993855896,365.7130476474145,370.7306314907823,79878100
2022-12-20,367.89801025390625,369.53186877484075,365.2973729396968,366.6315323950158,74427200
2022-12-21,373.3989562988281,374.5397481095209,369.97655136300466,370.5179450868502,78167400
2022-12-22,368.07196044921875,373.379565675985,362.31961581085756,370.3245416709156,100120900
2022-12-23,370.18927001953125,370.33428093728185,365.47138480372934,367.03756172293055,59857300
2022-12-27,368.7293701171875,370.42123274967673,367.03750748469827,370.0732065985041,51638200
2022-12-28,364.1468200683594,370.6532504720902,363.9148026525322,368.6616594725253,70911500
2022-12-29,370.70159912109375,371.5813712121696,366.4864289651558,367.01817491228553,66970900
2022-12-30,369.7251892089844,369.8702001203145,365.8580742202034,367.99467649420194,84022200
2023-01-03,368.1686706542969,373.59228498534856,365.2779822862928,371.6007232288444,74850700
2023-01-04,371.0109558105469,373.0605216713092,367.37585892316275,370.4502077143062,85934100
2023-01-05,366.7764892578125,369.15475647771115,366.1770912149208,369.0387477602151,76970500
2023-01-06,375.18743896484375,376.31858294725674,366.8054847376711,369.8991586614532,104189600
2023-01-09,374.97479248046875,380.6208063538123,374.7911316610883,377.40141658848563,73978100
2023-01-10,377.6044006347656,377.6720822226874,373.4375869197752,374.3850406394487,65358100
2023-01-11,382.38031005859375,382.45766887856325,378.37786148565715,379.1996293012979,68881100
2023-01-12,383.7724609375,385.2516311546542,379.3833069228364,383.49211635979185,90157700
2023-01-13,385.2613220214844,385.8413951573975,380.27274025862374,380.54343712155054,63903900
2023-01-17,384.5555725097656,386.93386947587715,383.86916785877213,385.24200666450514,62677300
2023-01-18,378.4842224121094,386.8275281643932,378.28120712545837,385.7544178597761,99632300
2023-01-19,375.7289123535156,378.0878253901528,374.3947529409015,376.42496473879623,86958900
2023-01-20,382.7283630371094,382.8830511722103,375.47752266281964,377.1403832354732,91806400
2023-01-23,387.32061767578125,389.2735003429258,382.5737299538922,383.5405088095825,84178800
2023-01-24,386.9048156738281,387.823237660935,384.4298647659786,385.62866081404076,59524900
2023-01-25,387.04986572265625,387.38824417476695,380.4854299651901,382.7960452634292,84800300
2023-01-26,391.30364990234375,391.4680152508425,386.74045359547614,389.7374732447046,72287400
2023-01-27,392.2027893066406,394.6004111857318,390.03721438600695,390.2499068874082,68346200
2023-01-30,387.2818603515625,391.6710437344802,386.9821613268885,389.41843293177686,74202000
2023-01-31,392.9761962890625,393.0245234200672,387.4558689546468,387.80392461060706,86811800
2023-02-01,397.1527099609375,399.9273898352684,388.9834469940216,391.74842013563244,101459200
2023-02-02,402.9339904785156,404.4131605811476,399.163559776095,401.0777625537705,101654500
2023-02-03,398.6512145996094,403.11772760470126,397.43306396049513,397.9164533247474,94736800
2023-02-06,396.21490478515625,397.6264229410593,394.54239650327366,396.17625487954547,60295300
2023-02-07,401.3968505859375,402.65365109372783,394.0300016167094,395.28680212449973,90990700
2023-02-08,397.0077209472656,400.7588275311804,396.31163900897474,399.40534306887827,76227500
2023-02-09,393.56597900390625,400.79749506491686,392.32850331737615,400.64280691613214,78694900
2023-02-10,394.48443603515625,394.8711416605061,391.5550974051024,392.3768357950654,70769700
2023-02-13,399.1152648925781,399.25062808158475,394.6777538981279,395.1418183270479,64913500
2023-02-14,398.9316101074219,401.26152100489657,394.9388090237567,397.5780962118597,88389300
2023-02-15,400.2270812988281,400.3044106179049,395.86689965424887,396.717669682825,61555700
2023-02-16,394.7164306640625,399.19262104018924,394.5810969797095,395.2094972725008,76431500
2023-02-17,393.73028564453125,393.9719803089983,390.62690491007976,392.57013945359233,89257800
2023-02-21,385.8316955566406,390.7332704904601,385.5706759373002,389.6698080535747,82655900
2023-02-22,385.29998779296875,387.8039410623445,383.83046530017316,386.24741202780353,83742300
2023-02-23,387.3495788574219,388.8384263986289,383.08608101470145,388.2196738346871,96242400
2023-02-24,383.2117614746094,384.0528542573553,380.5627971696402,382.28366214576,108194400
2023-02-27,384.51690673828125,387.9586365836898,383.5694529816539,386.5857978345967,80444700
2023-02-28,383.0957336425781,386.01539466885595,382.9893726445918,384.0335101532567,96438600
2023-03-01,381.6262512207031,383.51148166812266,380.3114462243213,382.27400599351444,99706800
2023-03-02,384.59423828125,385.4450082711098,379.2962803013244,379.6346587523475,85127800
2023-03-03,390.76226806640625,391.01363995863846,385.77368665158235,386.43108905800466,90120000
2023-03-06,391.032958984375,393.91396996237825,390.58824906956335,391.59367761576857,72795900
2023-03-07,385.0389404296875,391.2263476837906,384.4202174065238,390.9846530099192,108310600
2023-03-08,385.6673583984375,386.4310923018348,383.41474758470093,385.154966885639,74746600
2023-03-09,378.5518798828125,388.1423379350798,377.55609896389603,386.4601228702266,111945300
2023-03-10,373.08953857421875,380.0986835276919,371.55236411797506,378.0007609530749,189253000
2023-03-13,372.5578308105469,377.4207560622375,368.0043113317684,369.1257781796911,157790000
2023-03-14,378.71624755859375,380.37910817644826,374.1917006192016,377.5270990835378,149752400
2023-03-15,376.34759521484375,376.5506104721961,370.96263100303673,373.07023090261066,172996900
2023-03-16,382.9506530761719,383.2987087104746,373.45690974637864,373.9693012188662,143254200
2023-03-17,378.4730224609375,382.7527923444139,377.07554537178805,381.60764655691224,140553400
2023-03-20,382.1122131347656,382.5295370495044,378.5506107404246,379.2590337083156,93055800
2023-03-21,387.1295471191406,387.614781311772,383.8978708110625,385.50885188456004,91524200
2023-03-22,380.5303649902344,390.60383211481064,380.4915675764856,386.95489092721976,111746600
2023-03-23,381.55908203125,387.49834402783915,378.82235397671315,383.42236481400363,119351300
2023-03-24,384.0628662109375,384.1502048122736,377.900385997234,380.268331243496,107682400
2023-03-27,384.7810363769531,387.1392972808618,383.87850780265404,386.36290473064685,74010400
2023-03-28,383.9173583984375,384.78105999415146,382.06375994248475,384.0823214642444,62871700
2023-03-29,389.49755859375,389.7401757313297,386.9063945332047,388.1194802211033,77497900
2023-03-30,391.7781066894531,392.40890522902254,389.89539561567375,392.15657396665665,69840000
2023-03-31,397.30010986328125,397.600952726272,392.6030163030725,392.70978323761483,112062600
2023-04-03,398.8140563964844,399.2216365961225,396.3781708958426,396.77606654924597,67391100
2023-04-04,396.60137939453125,399.75540205506627,395.2135869154709,399.464243731977,66601500
2023-04-05,395.5629577636719,396.6304790133016,393.89375079598193,395.86380062270194,65200200
2023-04-06,397.10601806640625,397.3874622312002,393.6996640668333,394.7574712049945,63743300
2023-04-10,397.5135498046875,397.5912038623676,393.98106020522437,394.602144584938,63681000
2023-04-11,397.62030029296875,399.03717581543225,396.8439374463339,398.1443615034366,59297900
2023-04-12,395.9996643066406,399.998019452113,395.40769273041974,399.7068611288276,86420400
2023-04-13,401.25958251953125,401.6186510996425,395.9414048667764,397.09626466658324,85814800
2023-04-14,400.2794189453125,402.8317557734293,397.95030052835284,400.61908883486547,78161500
2023-04-17,401.7156677246094,401.73506642955937,398.9498270275507,400.19202532024826,66436400
2023-04-18,401.97772216796875,403.4431389820466,400.5899594138446,403.30725918530067,63560000
2023-04-19,401.9098205566406,402.82203365818003,399.988282352005,400.04650809005335,55227300
2023-04-20,399.716552734375,401.48281243371395,398.1540831183915,399.0663258371117,75840400
2023-04-21,400.027099609375,400.49290550238106,398.05704987661363,400.017385447822,73457400
2023-04-24,400.44439697265625,400.87140545538995,398.4743472249128,399.823282955463,64332100
2023-04-25,394.0877990722656,399.017795182354,394.02957333694803,398.45490691915677,97766700
2023-04-26,392.4185791015625,395.7958197187947,391.8557204735294,394.7088998740794,80447000
2023-04-27,400.23089599609375,400.5026259767458,394.7283268674572,394.9806581410436,92968400
2023-04-28,403.64697265625,403.65668681887996,399.2798642270942,399.33808997017496,89433100
2023-05-01,403.2393493652344,405.28702354957994,403.00641680145253,403.200522335213,62122300
2023-05-02,398.7072448730469,402.56971987321276,395.7764408862858,402.52117868206994,103998500
2023-05-03,395.97052001953125,401.64776628515204,395.72790291088376,399.21188103710034,91531800
2023-05-04,393.1658935546875,395.24268066712455,391.81692817389546,394.91272494332975,94901900
2023-05-05,400.44439697265625,401.5022040178637,396.5722373758648,396.8342531926733,87891800
2023-05-08,400.5511779785156,401.03641225124875,399.1343021947128,400.77439640585874,50046800
2023-05-09,398.7945861816406,399.92033311821206,398.56168323488316,398.98869171483597,49220100
2023-05-10,400.6578674316406,402.2979613255918,396.795392705803,401.6574486554975,96142900
2023-05-11,399.9591064453125,400.2502350896693,397.862891356917,399.7844292586984,70157100
2023-05-12,399.43511962890625,401.4245977901843,396.9895497120096,401.2110935391288,70481500
2023-05-15,400.8132019042969,401.22078208633735,398.11530067751465,400.0465235019948,54289400
2023-05-16,398.1346740722656,400.62878504945314,398.12495991071864,399.6971140313283,57705500
2023-05-17,402.9676513671875,403.579021652724,398.51320444590107,400.1726973107689,87287000
2023-05-18,406.8494873046875,407.27649577976723,402.42415366872075,402.64734245136754,97177200
2023-05-19,406.2574768066406,408.2954663695949,405.0249926007152,407.7617205962154,103793300
2023-05-22,406.4225158691406,407.97527140945584,405.02503884449175,406.2769515158123,60745400
2023-05-23,401.8612365722656,406.3545097833973,401.46334099374025,404.76292746929585,86383500
2023-05-24,398.9498596191406,400.62878064928873,397.775601122354,400.24059920417324,89213700
2023-05-25,402.40472412109375,403.8701409114005,400.2308843391917,402.49206272486526,90961600
2023-05-26,407.61614990234375,408.3440012437636,402.98702603279827,403.0646504780238,93830000
2023-05-30,407.77142333984375,410.100541680163,406.3739464123829,409.5667958829626,72216000
2023-05-31,405.5102233886719,406.83976034666455,403.9283551716108,405.92751768917344,110811800
2023-06-01,409.363037109375,410.43055840176334,404.4815816516049,405.74317887766006,88865000
2023-06-02,415.2828369140625,416.0785984671102,411.430076309856,411.96382206552335,91426200
2023-06-05,414.487060546875,416.93263025879423,413.77860795130954,415.63220615366964,65460200
2023-06-06,415.3895568847656,415.92330261816016,413.4097932048064,414.06973417568815,64022200
2023-06-07,413.9532775878906,416.93262263641515,413.52626912937626,415.7874770505561,85373300
2023-06-08,416.4571228027344,416.9132441502529,413.2448746633565,414.02123756211967,61952800
2023-06-09,417.204345703125,419.2326210393688,416.204764468204,417.2625714359286,85742800
2023-06-12,420.9892578125,421.06691188399276,417.46648174772116,418.19433318212475,76104300
2023-06-13,423.7647399902344,424.4149372405874,421.79469030014434,422.46431587318267,95899700
2023-06-14,424.2693786621094,426.09386403855734,420.7854005725501,424.1044156151187,100612100
2023-06-15,429.5293273925781,430.7909244884486,423.3474483133907,423.4444714620379,110303100
2023-06-16,428.0662536621094,432.10865200218734,427.5889672468764,431.5339523095055,114165800
2023-06-20,425.8453369140625,427.00448646134066,423.75108536881726,426.1083557168095,76160400
2023-06-21,423.6634521484375,425.66029056375044,423.06925196557376,424.8518227878064,76982300
2023-06-22,425.1927795410156,425.29991334389166,422.35822244522035,422.6991540726303,70637200
2023-06-23,421.9783020019531,423.7803436206902,421.257497245002,421.7055626566452,92074500
2023-06-26,420.25421142578125,423.3420073200014,420.0106930865871,421.4036108524512,72823600
2023-06-27,424.861572265625,425.48496373154705,420.68278940729704,421.1406050558911,72813700
2023-06-28,425.07586669921875,426.0986317858107,423.1471908408459,423.77058230253635,75636000
2023-06-29,426.75128173828125,426.9168872953884,424.2479356997483,424.65702987977147,67882300
2023-06-30,431.78729248046875,432.7808367319261,429.67353994214545,429.99500083839234,104964000
2023-07-03,432.28399658203125,432.5664564350418,431.15406799091545,431.4365575702839,32793400
2023-07-05,431.6411437988281,432.3814490837736,430.44302283393387,430.4527730802181,58418400
2023-07-06,428.26104736328125,428.6896419700899,425.72845097569115,428.02727929642435,80658300
2023-07-07,427.17987060546875,431.1638569046927,426.93635225950135,427.2578131229402,86134200
2023-07-10,428.26104736328125,428.43637341342395,426.2447086075711,426.81940825616533,62443500
2023-07-11,430.9884338378906,431.4852206985645,428.0467433792128,429.03056685580816,64463800
2023-07-12,434.4561767578125,435.8783452252513,433.37496962814225,434.81660886072825,91924500
2023-07-13,437.90435791015625,438.7031050912749,435.8490776681561,436.2873927848511,72425200
2023-07-14,437.63165283203125,439.65771222475354,436.86212659849105,438.8005526873744,69815800
2023-07-17,439.1512756347656,440.21301214020014,437.43689683079504,437.4856183396678,52680200
2023-07-18,442.4143371582031,443.06694959685393,438.3816595856711,438.82000444402695,80668200
2023-07-19,443.398193359375,444.5962845348713,442.33642726652124,443.2131170478764,65891700
2023-07-20,440.4564514160156,443.3007584912939,439.7356466966679,442.3948774694611,70591600
2023-07-21,440.4564514160156,442.3948774694611,440.4467308970769,442.1903006763833,71275600
2023-07-24,442.424072265625,443.2422902103845,440.5733093504305,441.61557483922826,54023400
2023-07-25,443.6319580078125,444.89824144117244,442.10265575154136,442.15137725366066,55191200
2023-07-26,443.70013427734375,445.1417437230947,441.625353411383,442.6870897313658,71052900
2023-07-27,440.7584228515625,447.5282442515531,439.8427915613847,447.1191203814564,92194400
2023-07-28,445.0736083984375,445.9112972112307,440.758440863608,444.06056379051773,80011800
2023-07-31,445.9210510253906,446.28145341174877,444.2261431680017,445.5508983930142,62040400
2023-08-01,444.6449890136719,445.395014750363,443.68063623637426,444.4404122184633,55291500
2023-08-02,438.45965576171875,441.7617490657216,437.6998797135655,441.4987599543318,93933400
2023-08-03,437.2030334472656,439.1024881730683,435.7711445823999,436.42378673872713,64276100
2023-08-04,435.2257080078125,441.15781109952064,434.69970007921177,439.03433834610644,100128900
2023-08-07,439.0245666503906,439.180421944819,436.37508609782395,437.0764200595727,58357500
2023-08-08,437.1153869628906,439.01484176057045,433.725601227127,436.46274478186683,71361300
2023-08-09,434.19317626953125,437.5537410667036,433.42365003419826,437.3881355250402,78789600
2023-08-10,434.34906005859375,439.98895319524496,433.1704396040718,436.56994615352147,93005500
2023-08-11,434.09576416015625,435.11855897030244,431.8554074402598,432.4593281355523,68690900
2023-08-14,436.49200439453125,436.49200439453125,432.8587297423723,433.17044035569324,47867400
2023-08-15,431.4073486328125,435.06012359694716,430.83261921259293,434.6996914970112,75707500
2023-08-16,428.2415771484375,432.6638482927137,428.13441363341985,430.98844111659446,80107200
2023-08-17,424.9784851074219,429.9852068444013,424.45247715658354,429.72221773216245,95711300
2023-08-18,425.1830139160156,426.2252795266079,421.7835074638071,422.1341595983843,98852000
2023-08-21,427.94940185546875,428.6994276682398,424.03363750847916,426.20580215477963,68719000
2023-08-22,426.79022216796875,429.7416631589512,426.22527271805467,429.7416631589512,64994200
2023-08-23,431.543701171875,432.16712236446233,427.71560016391174,427.8617052164373,68441000
2023-08-24,425.56292724609375,433.6769453072907,425.5336765078008,433.1606876122368,88517300
2023-08-25,428.56304931640625,429.8585537812075,423.7219036193333,427.30648638229246,102325100
2023-08-28,431.28076171875,431.9041532567325,428.56308852352925,430.77422450987956,61595400
2023-08-29,437.5147399902344,437.7972295531784,430.9884373925172,431.17351368620234,83081900
2023-08-30,439.3168029785156,439.959694915532,437.1446088455522,437.85569304703046,69053900
2023-08-31,438.6739196777344,441.0896024538122,438.48884337132733,439.94020308607463,66084600
2023-09-01,439.49212646484375,441.9078389055889,438.02126629665247,441.4208022646098,58944100
2023-09-05,437.59271240234375,439.36553307483445,437.5245498582943,439.04410194146914,55166200
2023-09-06,434.6509704589844,436.88160654362133,432.30345033958156,436.77444302751485,70758500
2023-09-07,433.3165283203125,433.998361817896,431.2709683748438,431.6216205062252,70355400
2023-09-08,433.9691467285156,435.51791978263486,433.0048236276994,433.3652260097677,61659700
2023-09-11,436.8232116699219,437.13489255414964,434.8945357090652,436.61863486064624,60180100
2023-09-12,434.42694091796875,436.90109541972345,433.8425207199116,435.36207268757624,67565400
2023-09-13,434.9335021972656,436.1023723846113,433.54055471096495,434.65101260162095,60199300
2023-09-14,438.68365478515625,439.3849887784533,436.1121166273065,437.42712158053337,83430800
2023-09-15,433.3982849121094,437.41586356710224,432.9584236346242,437.0835139914859,111848900
2023-09-18,433.65240478515625,434.9622635141281,432.6064627970625,433.0854327520232,55752200
2023-09-19,432.7531433105469,433.3201154224225,430.0454532295928,432.72381922415445,66514600
2023-09-20,428.774658203125,434.44419974165896,428.5693597886313,434.0238779369196,82562600
2023-09-21,421.687744140625,426.1647235334535,421.53133907551444,425.9008067661384,104095800
2023-09-22,420.7395324707031,424.336759248272,420.3191808335087,422.7238749981699,100829700
2023-09-25,422.5088195800781,422.547898470282,419.077752682607,419.5176437627186,70874500
2023-09-26,416.3016357421875,420.15302449578013,415.4609622919606,419.439432018477,96168400
2023-09-27,416.4678039550781,418.0513939980137,412.7923894609656,417.48442192763537,104705800
2023-09-28,418.8822326660156,420.5733343253754,415.3143300435596,415.9106261692443,92258300
2023-09-29,417.8656921386719,422.13740306633105,416.33099535674813,421.961458549366,115111300
2023-10-02,417.6994934082031,418.96048874831854,414.91358595822464,417.0250096098541,83798600
2023-10-03,412.1080627441406,417.75806421545275,410.7297713171583,415.5000205543484,103760600
2023-10-04,415.1091003417969,415.86177175888827,411.10130627042383,412.5773548502535,87453000
2023-10-05,414.95269775390625,415.8031260717147,411.6976049113953,414.8158321329541,70142700
2023-10-06,419.8793029785156,421.4335390003322,411.14036849266944,412.47955130089554,113273300
2023-10-09,422.56744384765625,423.14417067329146,417.40619666732874,417.9633542177549,80374400
2023-10-10,424.7668762207031,427.38659384117693,422.80207308974036,423.202855460451,78607300
2023-10-11,426.5068359375,426.7609680529945,423.43744262520266,425.8421368181845,62451700
2023-10-12,423.9066467285156,427.50387345452793,421.5313065125249,427.1226603756323,81154200
2023-10-13,421.795166015625,426.63384787111545,420.21160608654367,425.4217163324529,95143100
2023-10-16,426.2331237792969,427.3083898752736,423.8186748401911,424.06305214240336,75433200
2023-10-17,426.2135925292969,428.28593729516797,422.72390701408335,423.0757960416815,75324700
2023-10-18,420.5342102050781,425.39243195626887,419.4394047114935,424.42470742733474,93559800
2023-10-19,416.8392639160156,423.0855623664448,416.15502533712146,421.2576248349315,121323000
2023-10-20,411.71710205078125,416.94678223342015,411.6095605266244,416.3993794682944,123919900
2023-10-23,411.0035095214844,414.9037915113143,408.4033314720022,410.172620735965,92035100
2023-10-24,414.1022644042969,415.26550284339015,411.27724824329425,413.1442945629212,78564200
2023-10-25,408.15899658203125,412.43073728438776,407.64091784589976,412.40141319861493,94223200
2023-10-26,403.2713928222656,407.9438854230487,402.34277701715826,407.0837024187674,115156800
2023-10-27,401.4435119628906,405.2753615427014,400.00657209936367,404.8745791501567,107367700
2023-10-30,406.2430419921875,407.3085234329511,402.9488407843413,404.25869952338684,86562700
2023-10-31,408.7943420410156,409.1169069376061,404.89406021314903,406.81975444875474,79665200
2023-11-01,413.154052734375,413.9751569038601,409.23423119503474,409.77187916766434,98068100
2023-11-02,421.0719299316406,421.22833500470483,416.9663787995536,416.9859182469801,94938900
2023-11-03,424.9134826660156,426.47750337482717,423.27127434580973,423.3983553166376,100167800
2023-11-06,425.8909912109375,426.3406370959797,423.92618814768423,425.67593799092367,67831700
2023-11-07,427.10308837890625,427.74824803183367,424.73753281605235,425.8909865146741,64256100
2023-11-08,427.4159240722656,428.2370282711835,425.089447259724,427.7091649178737,61746000
2023-11-09,424.0826416015625,428.60851454528716,423.6525351124472,428.5694058195811,83174400
2023-11-10,430.7003173828125,431.0131274885478,424.072806152516,426.17447481256386,89462200
2023-11-13,430.2897644042969,431.4041093470978,428.5595839107214,429.3513639527994,52236100
2023-11-14,438.6377258300781,439.9377999752436,436.05708715382076,436.2819250150931,97176900
2023-11-15,439.56634521484375,441.22812284523997,438.7061323158723,439.98666702600025,77327600
2023-11-16,440.10400390625,440.42656883560966,438.0414438599302,439.11671000982096,66665800
2023-11-17,440.6513671875,441.2672027377204,439.185103432199,440.11371924516214,83133200
2023-11-20,444.0433654785156,444.89379376073475,440.38746056512997,440.39724520370754,69936200
2023-11-21,443.0755920410156,443.91626547984913,441.7950573532697,442.98761979123316,49244600
2023-11-22,444.7862548828125,446.1156829950313,443.68169447192673,444.7471759906997,59394900
2023-11-24,445.0599365234375,445.25545030018225,444.5027789390216,444.8351284945164,29737400
2023-11-27,444.2583923339844,445.2456563416009,443.8673647886803,444.4245521926465,50506000
2023-11-28,444.6982727050781,446.008131510795,443.30044164724757,443.867383882385,62115000
2023-11-29,444.3854675292969,448.0120483391923,443.9847149867277,446.8683493865676,63146000
2023-11-30,446.13519287109375,446.48711169529105,443.14401710587686,445.23590111265923,79752700
2023-12-01,448.77447509765625,449.3120932196739,444.92308650253847,445.5193527894594,89183400
2023-12-04,446.418701171875,448.79404148670625,444.1215484712047,445.35321967054597,72430900
2023-12-05,446.33074951171875,447.29847416658373,444.63964769422057,445.0208906377833,69793500
2023-12-06,444.5321350097656,448.5203597938999,444.09224389604356,448.4910357083995,69124700
2023-12-07,447.92401123046875,448.5789256301762,446.02764116627077,446.63369204285164,66995400
2023-12-08,449.8497314453125,450.38734955570465,446.9269587451742,447.17133603739103,83194400
2023-12-11,451.5994873046875,451.7754616408042,449.1361747424168,449.351227969924,65002200
2023-12-12,453.6620788574219,453.7598357551221,450.2407962564326,451.24762965718935,68327600
2023-12-13,459.9180908203125,460.17225276505405,453.6815771856103,454.04325082622603,93278000
2023-12-14,461.3941345214844,463.0754515660027,458.6961995397374,461.87310449126466,119026000
2023-12-15,460.6344299316406,461.9790722841804,458.7696383555202,460.7914691104517,141553700
2023-12-18,463.2255554199219,464.21685218338376,461.1841058940797,462.2539072749284,70375300
2023-12-19,466.0423889160156,466.120923487645,463.6966852634015,463.7751898828678,55761800
2023-12-20,459.58428955078125,467.0827233391325,459.1524392855077,465.17866442919757,102921000
2023-12-21,463.9419860839844,464.21679714049685,460.1534872847492,462.5973438213124,86667500
2023-12-22,464.8744201660156,466.57237828807547,462.9605668589321,465.08052099400504,67160400
2023-12-26,466.8373718261719,467.75013402978874,465.208123940573,465.28665851095707,55387000
2023-12-27,467.6814270019531,467.82864187280944,466.0914464923829,466.63124433624307,68000300
2023-12-28,467.85809326171875,468.7021451712498,467.4360673069532,468.04457541887774,77158100
2023-12-29,466.503662109375,468.19179590082064,464.5308929243042,467.6617923976956,122283100
